Region,Persons per Sq. Km
KENYA,82
MOMBASA,"5,495"
CHANGAMWE,"7,457"
CHANGAMWE,"7,457"
CHAANI,"10,033"
CHAANI,"10,033"
CHANGAMWE,"2,408"
CHANGAMWE,"11,006"
KHAMISI,"1,788"
KWA HOLA,"28,801"
KWA HOLA,"28,801"
PORT REITZ,"6,950"
PORT REITZ,"6,950"
JOMVU,"4,432"
JOMVU,"4,432"
MIKINDANI,"10,375"
BIRIKANI,"9,129"
KWA SHEE,"11,129"
MIRITINI,"3,296"
JOMVU KUU,"3,116"
MIRITINI,"3,668"
KISAUNI,"3,328"
BAMBURI,"1,682"
BAMBURI,"1,682"
BAMBURI,"4,113"
MAUNGUJA,205
MWAKIRUNGE,279
MWEMBE LEGEZA,"3,889"
SHANZU,"1,643"
KISAUNI,"11,878"
KISAUNI,"11,878"
JUNDA,"11,062"
MAGOGONI,"12,762"
LIKONI,"6,187"
LIKONI,"17,621"
LIKONI,"17,621"
BOFU,"18,099"
LIKONI,"19,955"
TIMBWANI,"17,133"
LONGO,"2,792"
MTONGWE,"1,424"
MTONGWE,"1,424"
SHIKAADABU,"6,765"
VIJIWENI,"6,091"
VYEMANI,"8,192"
MVITA,"10,543"
ISLAND,"10,543"
GANJONI,"3,953"
GANJONI,"3,953"
MAJENGO,"26,312"
MAJENGO,"26,312"
MWEMBE TAYARI,"14,488"
MWEMBE TAYARI,"14,488"
OLD TOWN,"22,214"
OLD TOWN,"22,214"
RAILWAY,"1,817"
RAILWAY,"1,817"
TONONOKA,"18,503"
TONONOKA,"17,131"
BONDENI,"21,427"
TUDOR,"14,545"
TUDOR,"14,545"
NYALI,"9,610"
FRERE TOWN,"13,072"
FRERE TOWN,"21,609"
FRERE TOWN,"21,842"
MLA LEO,"21,238"
KADZANDANI,"9,610"
MBUNGONI,"11,608"
MWATAMBA,"9,160"
KONGOWEA,"7,678"
KONGOWEA,"7,891"
KONGOWEA,"22,113"
MKOMANI,"4,683"
MAWENI,"7,389"
MAWENI,"9,081"
ZIWA LA NG'OMBE,"6,600"
KWALE,105
KINANGO,58
KINANGO,51
KINANGO,129
DUMBULE,102
KIBANDAONGO,92
KINANGO,269
PUMA,70
MAZOLA,70
VIGURUNGANI,27
BUSA,18
VIGURUNGANI,52
NDAVAYA,74
NDAVAYA,74
GULANZE,120
KIFYONZO,102
MWANDIMU,44
NDAVAYA,106
LUNGA LUNGA,72
LUNGA LUNGA,65
DZOMBO,204
MRIMA MALAMBA,204
KASEMENI,8
KASEMENI,5
PANGANI,68
KIKONENI,196
BUMBANI,196
LUNGA LUNGA,160
PERANI,178
SEGA,149
MWENA,149
MANDA,141
MWENA,155
MWERENI,44
BIDINIMOLE,40
KILIMANGODO,51
VANGA,214
JEGO,214
KIWEGU,147
VANGA,"1,073"
PONGWE KIKONENI,193
PONGWE KIDIMU,159
MAJORENI,151
MZIZIMA,166
SHIMONI,408
SHIMONI,392
WASINI/MKWIRO,474
MATUGA,188
KUBO,158
LUKORE,147
LUKORE,147
MAJIMBONI,107
BOYANI,118
KIPAMBANI,90
MAJIMBONI,104
MAKOBE,80
MSULWA,97
SHIMBA HILLS,179
MANGAWANI,151
MANGAWANI,151
MKONGANI,181
MKOMBA,230
MTSAMVIANI,145
TIRIBE,192
MWALUPHAMBA,194
KIZIBE,190
MLAFYENI,198
MWALUVANGA,101
MANYATTA,106
MWALUVANGA,95
MATUGA,350
GOLINI,364
GOLINI,364
MBUGUNI,135
MBUGUNI,135
NG'OMBENI,499
KITEJE,224
NG'OMBENI,679
PUNGU,717
TIWI,466
MKOYO,947
SIMKUMBE,334
TSIMBA,222
KUNDUTSI,252
MAZUMALUME,191
WAA,476
KITIVO,417
KOMBANI,"1,153"
MATUGA,322
SHIMBA HILLS NAT. RESERVE,
SHIMBA HILLS NAT. RESERVE,
SHIMBA HILLS NAT. RESERVE,
MSAMBWENI,432
DIANI,587
DIANI,"1,295"
BONGWE,355
GOMBATO,"2,162"
UKUNDA,"2,060"
KINONDO,223
GAZI,115
KINONDO,295
MSAMBWENI,253
KINGWEDE/SHIRAZI,288
FUNZI,107
KINGWEDE,592
SHIRAZI,245
MIVUMONI,107
MIVUMONI,107
MSAMBWENI,742
MILALANI,491
VINGUJINI,958
SAMBURU,83
KASEMENI,170
GANDINI,157
GANDINI,157
KASEMENI,384
CHIGATO,286
MAZERAS,785
MNYENZENI,365
MWAMDUDU,133
MTAA,93
BOFU,138
MABESHENI,96
MTAA,60
MWATATE,137
MATUMBI,46
MWATATE,296
MWAVUMBO,169
KALALANI,309
MWABILA,87
SAMBURU,54
CHENGONI,46
CHENGONI,58
MAJI YA CHUMVI,84
SILALONI,31
MACKNON ROAD,42
KILIBASI,19
MACKINNON ROAD,61
MAKAMINI,42
CHIGUTU,61
MAKAMINI,26
SAMBURU,97
KINAGONI,68
MATOPE,138
TARU,49
DUPHARO,49
VINYUNDUNI,46
DZIVANI,74
VINYUNDUNI,31
KILIFI,116
CHONYI,324
CHONYI,324
BANDA RA SALAMA,241
MWEMBEKATI,347
PINGILIKANI,180
CHASIMBA,259
CHASIMBA,498
KITSOENI,200
MWAKAMBI,207
MWARAKAYA,388
KIZINGO,643
MWARAKAYA,209
ZIANI,504
NG'OMBENI,284
ZIANI,867
GANZE,45
BAMBA,36
BAMBA,129
CHAPUNGU,104
MARYANGO,96
MWAKWALA,162
PAZIANI,222
BANDARI,96
KARIMANI,49
KIDEMU,117
MIKAMINI,94
MITSEMERINI,204
MITANGANI,10
DANGARANI,31
GEDE,4
GOSHI,12
MIDOINA,15
MIGUJINI,23
MNAGONI,34
MTSARA WA TSATSU,124
CHIRA,163
KERESA,107
NAMBANI,107
WACHO,123
NDIGIRIA,38
MIRIHINI,72
MWAMBANI,27
NDIGIRIA/MAPOTEA,38
GANZE,88
DUNGICHA,59
DUNGICHA/MUHONI,67
MWEZA/MIGODOMANI,51
GANZE,115
PETANGUO,106
TSANGALAWENI/GANZE,120
PALAKUMI,83
MARIANI/VITSAPUNI,81
PALAKUMI/MIGUMOMIRI,85
VITENGENI,70
DIDA,102
DIDA,102
MRIMA WA NDEGE,29
DULUKIZA,28
MILORE,22
MRIMA WA NDEGE,57
MWAHERA,72
DZIKUNZE,169
KAEMBENI,172
MWAHERA,119
MWANGEA,31
NDUGUMNANI,41
SOKOKE,139
KACHORORONI,128
MAGOGONI,112
NYARI,239
RARE,87
VITENGENI,76
MADAMANI,184
MITSEDZINI,25
VITENGENI,40
ARABUKO SOKOKE FOREST,
ARABUKO SOKOKE FOREST,
ARABUKO SOKOKE FOREST,
KALOLENI,274
KALOLENI,539
CHANAGANDE,447
BIRINI/MWAMLEKA,356
CHALANI/MIHINGONI,657
MIKIRIANI,364
JIBANA,483
CHILULU,478
KWALE,573
NYALANI,653
TSAGWA,280
KALOLENI,702
KALOLENI/VISHAKANI,828
KINANI/MAKOMBOANI,462
MARIAKANI,253
MARIAKANI,485
KAWALA/KADZONZO,412
MARIAKANI/MITANGONI,530
TSANGATSINI,81
MNYENZENI,119
TSANGATSINI,68
MWANAMWINGA,188
KAYAFUNGO,289
MBALAMWENI,246
MRIMANI,376
KINAGONI,175
KINAGONI,165
MIYANI,186
MWANAMWINGA,147
KIBWABWANI,192
KITHENGWANI,160
VIRAGONI,119
KAUMA,125
JARIBUNI,125
JARIBUNI,94
CHIVARA,145
MARERE,135
MWAPULA,54
KAUMA,113
MAGOGONI/MATOLANI,95
MDANGARANI,110
MSANDA,60
VINAGONI,208
VYAMBANI,268
NGAMANI,237
VYAMBANI,313
KILIFI NORTH,676
BAHARI,676
MATSANGONI,456
MATSANGONI,482
MKONGANI,520
UYOMBO,389
NGERENYA,422
EZAMOYO,364
NGERENYA,564
ZOWERANI,342
ROKA,406
CHUMANI,405
ROKA,408
TEZO,769
KIBARANI,"1,158"
MAJAONI/MTONDIA,587
TOWNSHIP,"1,110"
HOSPITAL,"3,443"
KONJORA,401
MNARANI,704
SOKONI,"7,864"
KILIFI SOUTH,712
KIKAMBALA,712
JUNJU,386
JUNJU,321
KURUWITU,512
VIPINGO,380
MAVUENI/TAKAUNGU,357
KIRIBA/WANGWANI,260
MAVUENI/MAJAJANI,464
MKOMANI/MKWAJUNI,264
TAKAUNGU,531
MTWAPA,"1,627"
KANAMAI,"1,901"
KIDUTANI-MAWAMBA,419
KIJIPWA,"1,133"
SHIMO LA TEWA,"3,752"
MAGARINI,37
MAGARINI,166
FUNDI ISSA,102
FUNDI ISSA,86
MARERENI,110
GONGONI,225
GONGONI,300
NGOMENI,277
SHOMELA,67
MAGARINI,238
BOMANI,147
MAMBRUI,552
MARIKEBUNI,267
PUMWANI,112
MARAFA,15
ADU,6
ADU,8
KADZANDANI,35
KAMALE,2
RAMADA,47
BUNGALE,11
BARICHO,53
DAKACHA,5
GANDINI,77
WAKALA,39
CHAMARI,8
CHAMARI,8
DAGAMRA,146
BATE,259
BURA,108
KAYA,129
GARASHI,73
MASINDENI,100
MIKUYUNI,164
SINGWAYA,46
MARAFA,59
BORE,66
MADINA,67
MAMBASA,35
MALINDI,147
LANGOBAYA,24
CHAKAMA,10
KISIKI CHA WAGIRIAMA,17
MAKONGENI,7
MATOLANI,19
JILORE,131
GIRIMACHA,73
JILORE,167
KAKONENI,145
LANGOBAYA,96
LANGOBAYA,121
MAKOBENI,50
MALANGA,162
MKONDONI,75
MALINDI,820
GANDA,651
GANDA,604
MERE,572
MSABAHA,755
GEDE,537
DABASO,735
MIDA MAJAONI,495
MIJOMBONI,408
MKENGE,406
GOSHI,244
KAKUYUNI,341
MADUNGUNI,493
MALIMO,170
MONGOTINI,181
PAZIANI,252
MALINDI,"1,834"
BARANI,"3,574"
CENTRAL,"2,768"
KIJIWETANGA,966
SABAKI,718
SHELLA,"3,577"
WATAMU,603
CHEMBE KIBABAMCHE,289
JIMBA,520
MrgOBARAKA CHEMBE,455
WATAMU,"4,023"
RABAI,581
KAMBE/RIBE,291
KAMBE,782
MBWAKA/KIKOMANI,782
PANGANI/MAERENI,202
PANGANI/MAERENI,202
RIBE,182
CHAURINGO,450
KINUNGUNA/FORODHANI,102
MWAWESA,525
MIKAHANI,451
MIKAHANI,451
MWAWESA,487
BWAGAMOYO,481
CHANG'OMBE,308
MWAMTSUNGA,"1,343"
RURUMA,564
JIMBA,321
MIKOMANI,543
MIYUNI,852
MLEJI,696
RABAI,969
RABAI,969
BUNI KISIMANI,538
KALIANGOMBE,698
MGUMO WA PATSA,"2,385"
MWELE KISURUTINI,901
TANA RIVER,8
TANA DELTA,7
GARSEN,4
ASSA,
ASSA,
ONJILA,
BILISA,39
CHIRA,14
GARSEN,55
GALILI,50
DANISA,48
DUMI,53
GALILI,50
GALMA,9
ABAGANDA,7
SERA,11
KONE,
KONE,
MWINA,21
BENDERANI,25
MIKAMENI,18
NDERA,11
BAHATI,6
BAOMO,8
MNAZINI,94
SALAMA,14
MAZIWA,9
WEMA,46
SHIRIKISHO,31
DALU,24
IDSOWE,39
KIPINI,50
KILELENGWANI,61
KAU,52
KILELENGWANI,85
KIPINI,58
KIPINI,137
MATANGENI,39
OZI,20
OZI,22
MPEKETONI,17
TARASAA,37
CHARA,39
CHAMWANAMUMA,33
SEMIKARO,50
KIPAO,59
KIPAO,83
ONGONYO,31
KONEMANSA,29
KIKOMO,13
ODOLE,82
NGAO,22
GOLBANTI,50
NGAO,97
TARASAA,15
WACHU ODA,46
BURA KOFIRA,212
HANDARAKU,67
KURAWA,25
ODA,89
TANA NORTH,9
BURA,8
BURA,69
BISADI,39
BISIKDERA,48
METI,188
CHEWELE,4
BILBIL,1
CHEWELE,30
WADESA,18
DUKANOTU,13
CHARIDENDE,19
DUKANOTU,6
HIRIMANI,2
HIRIMANI,1
WALESOREA,4
HOSINGO,4
HALO,7
WALESTOKOCHA,1
NANIGHI,22
BAWAMA,13
NANIGHI,36
SABUKIA,1
KANIKI,1
TITILA,2
MADOGO,24
ARERI,2
TULA,2
MADOGO,234
MADOGO,"1,269"
MARAMTU,25
MORORO,559
MORORO,"14,171"
ZIWANI,197
SAKA,11
KONORAMADHA,39
MULANJO,7
SALA,10
SALA,50
SOMBO,5
MBALAMBALA,6
BUWA,4
BUWA,11
KORATI,2
MBALAMBALA,18
ASAKO,14
PAMBA,48
BANGALE,4
BANGALE,7
BANGALE,6
KURITI,8
BOKA,1
BOKA,1
KAMAGURU,4
EL RAR,55
KAMAGURU,2
ODOWAN,4
TANA RIVER,10
GALOLE,8
CHEWANI,387
CHEWANI,205
HOLA MISSION,"2,938"
CHIFIRI,5
CHIFIRI,3
HAKOKA,26
DABA,2
DABA,2
DAYATE,6
DAYATE,27
GURURI,3
HARORESA,4
HARORESA,4
KALKACHA,3
CHAMARI,1
KALKACHA,20
KIARKUNGU,36
KIARKUNGU,43
MATANYA,32
LAKOLE,1
KESI,1
MAKERE,35
BUBU,21
GHOREI,92
MASABUBU,29
MASABUBU,17
RHOKA,37
MIKINDUNI,102
LENDA,61
MIKINDUNI,191
MILALULU,66
BOHONI,54
LAINI,77
TITILA,3
TITILA,3
WALDENA,4
WALDENA,4
WAYU,6
KOTICHA,4
WAYU,8
ZUBAKI,"1,342"
HOLA,"1,108"
KASARANI,414
KIBUYU,"3,484"
WENJE,25
GWANO,10
HARA,4
MARONI,32
WENJE,28
JAMHURI,46
BUBUBU,46
KINAKOMBA,25
MAJENGO,20
MASALANI,29
MAZUNI,67
GAFURU,54
MAZUNI,120
MKOMANI,72
NDURA,119
BONDENI,287
HANDAMPIA,58
LAMU,23
LAMU EAST,10
BASUBA,1
BASUBA,1
KIANGWE,2
MARARANI,1
MILIMANI,1
MANGAI,2
MANGAI,2
FAZA,130
FAZA,87
KWATINI,40
KWATONGANI,"11,077"
PATTE,195
PATE,195
SIYU,93
SHANGA,101
SIYU,89
TCHUNDWA,498
TCHUNDWA,498
KIUNGA,5
KIUNGA,5
MKOKONI,1
RUBU/MWAMBORE,27
KIZINGITINI,214
KIZINGITINI,635
KIZINGITINI,635
MBWAJUMWALI,309
MYABOGI,309
NDAU,62
KIWAYUU,108
NDAU,48
LAMU WEST,31
AMU,282
LANGONI,"1,167"
LANGONI,"1,167"
MATONDONI,80
KIPUNGANI,45
MATONDONI,102
MKOMANI,"2,388"
MKOMANI,"2,388"
SHELA/MANDA,70
MANDA,32
SHELLA,166
HINDI,17
HINDI / MAGOGONI,11
BARGONI,3
BODHEI JUNCTION,5
HINDI,22
MOKOWE,104
KILIMANI,64
MOKOWE,133
MKUNUMBI,18
MAJEMBENI,42
MAJEMBENI,72
MAVUNO,27
MKUNUMBI,9
KORENI,11
MKUNUMBI,9
NDAMBWE,37
KIZUKE,40
NDAMBWE,35
MPEKETONI,114
BAHARINI,54
BAHARI,63
TEWE,46
HONGWE,99
BOMANI,84
HONGWE,125
MAPENYA,120
MAPENYA,142
UZIWA,105
MPEKETONI,312
CENTRAL,368
KIONGWE,212
WITU,14
DIDEWARIDE,11
CHALALUMA,84
MOA,7
PANDANGUO,1
JIMA,1
PANDANGUO,1
WITU,67
SENDEMKE,31
SOROKO,69
WITU,263
TAITA/TAVETA,20
MWATATE,30
MWAMBIRWA,98
RONGE,86
KIGHOMBO/MARUMBENYI,83
MSAURAHAI,166
RONGENYIKA,74
RONGEJUU,130
KIRONGE/MWAKALERI,122
KISHAU/KIWETO,111
NDEMBONYI/BAGHAU,205
MWATATE,28
BURA,167
ILOLE,383
MNAMU,137
MRUGHUA,252
NYOLO,115
SAGHAIGHU,304
CHAWIA,317
CHAWIA,276
WUSI,340
KIDAYANGERENYI,538
KIDAYA,590
MACHAKISAGHALA,510
NGERENYI,522
KISHAMBA,284
KAYA ILOLE,288
KISHAMBA,376
MWACHAWAZA,221
MENGO,56
MENGO,56
MWACHABO,9
MRURU/MANGANGA,530
MWACHABO,6
WUMARISECHU,19
MWAKITAU,28
GODOMA,70
MLUGHIMWASHUMA,113
MWAKITAU,14
MWATATE,55
MODAMBOGHO,76
MWATATE,941
SEMBE,12
TAITA,117
WUNDANYI,117
KISHUSHE,23
KISHUSHE,21
PARANGA,28
MBALE,197
CHOKE,135
MBALE CENTRAL,325
MLECHI,109
MOGHO,444
WERUGHA,283
MARUMANGE,691
MLONDO,572
SAGHASA,128
WERUGHA,576
WUMINGU,219
MGHAMBONYI,290
MWARUNGU,281
NYACHE,152
WUMINGU,258
WUNDANYI,686
MTENI,"1,488"
SHIGHARO,382
SUNGULULU,860
WUNDANYI,679
MGANGE,283
LUSHANGONYI,539
MGANGE DAWIDA,462
MGANGE NYIKA,547
MWAROKO,86
MWANDA,47
KISHAMBA,31
NJAWULI,101
TAVETA,14
BOMENI,226
KIMORIGO,83
ELDORO,169
KIMORIGO,43
KITOBO,113
KITOBO,122
MRABANI,107
MAHOO,374
MAHOO,"1,600"
MALUKILORITI,200
MBOGHONI,401
MBOGHONI,271
NJORO,556
NGARIGHASHI,973
LESESIA,856
MJINI,"1,089"
CHALA,90
CHALA,63
CHALA,45
MAHANDAKINI,176
NAKRUTO,57
KIDONGU,71
NAKRUTO,48
NJUKINI,157
CHUMVINI,225
LUMI,76
NJUKINI,285
JIPE,70
KIMALA,189
KIMALA,353
REKEKE,103
MATA,37
KACHERO,21
MATA,58
TIMBILA,211
MSENGONI,235
NDILIDAU,201
TSAVO WEST NATIONAL PARK,
TSAVO WEST NATIONAL PARK,
TSAVO WEST NATIONAL PARK,
VOI,15
NYANGALA,11
KASIGAU,8
BUGUTA,56
MAKWASINYI,4
RUKANGA,5
MARUNGU,16
MIASENYI,10
MAUNGU,19
TAUSA,54
MBOLOLO,89
MRARU,108
TAUSA,66
NGOLIA,37
GHAZI,24
NDOME,42
WONGONYI,105
VOI,169
SAGALLA,35
KISHAMBA,36
NDARA,55
TALIO,21
TERI,37
VOI,575
KALOLENI,518
MWANGEA,689
TSAVO EAST NATIONAL PARK,
TSAVO EAST NATIONAL PARK,
TSAVO EAST NATIONAL PARK,
GARISSA,19
BALAMBALA,9
BALAMBALA,5
BALAMBALA,146
BALAMBALA,166
BURADANSA,110
DUJIS,2
DUJIS,5
SHIDLE,
JARAJARA,20
JARAJARA,24
KONE,14
OHIO,1
ABDIGAB,1
ASHADIN,1
OHIO,3
DANYERE,6
DANYERE,6
DANYERE,82
URGAAD,2
LIBAHLOW,3
DOGOB,2
LIBAHLOW,7
MUDEY,24
MUDEY,24
SAKA,22
DALEY,36
DALEY,36
KASHA,27
DABELEY,14
KASHA,47
KUNO,76
KUNO,76
SAKA,16
HADLEY,22
SAKA,37
SAKA JUNCTION,2
DADAAB,29
DADAAB,48
ABAKAILE,9
ABAKAILE,9
ALANGO ARBA,6
ALANGO ARBA,6
ALIKUNE,17
ALIKUNE,17
DADAAB,117
DADAAB,117
DAGAHALEY,311
DAGAHALEY,311
KUMAHUMATO,34
KUMAHUMATO,34
LABISIGALE,53
LABISIGALE,54
WELHAR,52
MATHAGIS,27
MATHAGIS,27
DERTU,16
DERTU,16
DERTU,16
LIBOI,13
DAMAJALE,7
DAMAJALE,8
KOKAR,4
KULAN,55
KULAN,55
LIBOI,22
HARHAR,18
LIBOI,24
FAFI,9
BURA,7
BURA,5
BURA,9
JAMBELE,2
GUYO,44
GUYO,44
KAMUTHE,9
KAMUTHE,10
WARABLE,9
MANSABUBU,4
GARASWEINO,4
MANSABUBU,4
NANIGHI,9
ABAQDERA,23
NANIGHI,8
GALMAGALA,5
BULLA GOLOL,4
BULLA GOLOL,15
HAJIJIMAY,3
GALMAGALA,5
DOI,30
GALMAGALA,20
MARERKADER,1
GUBIS,12
DEKAHARJA,22
GUBIS,10
JARAJILA,11
ALINJUGUR,34
ALINJUGUR,34
AMUMA,5
AMUMA,5
FAFI,3
FAFI,3
HAGADERA,101
HAGADERA,101
RUQA,
RUQA,
WEL MERER,15
WEL MERER,15
YUMBIS,4
YUMBIS,4
GARISSA,49
CENTRAL,211
GALBET,"2,445"
GALBET,"2,445"
IFTIN EAST,"2,408"
IFTIN EAST,"2,408"
IFTIN WEST,"2,372"
IFTIN WEST,"2,372"
MADINA,758
MADINA EAST,975
MADINA WEST,478
MODIKA,6
MODIKA,6
TOWNSHIP,"6,444"
TOWNSHIP,"6,444"
WABERI EAST,312
WABERI EAST,312
WABERI WEST,"3,620"
TAWAKAL,"2,727"
WABERI WEST,"3,850"
KORAKORA,14
BOURALGY,19
BOURALGY,19
JARRIOT,32
JARRIOT,32
KORAKORA,9
ELDERT,3
KORAKORA,36
SANKURI,10
ABDISAMIT,3
ABDISAMIT,7
LAAGO,2
OWLIYA,3
RAYA,42
ATHEYLEY,66
RAYA,35
SANKURI,26
BALICH,147
DOLOLO,31
SANKURI,49
SHABAH,126
SHITLE,4
SHIMBIREY,5
SHIMBIREY,5
HULUGHO,17
BODHAI,14
BODHAI,9
BODHAI,13
DOLOLO,5
JALISH,19
BULTOHAMA,18
FALAMA,16
JALISH,24
HULUGHO,16
BOMA,4
BOMA,4
ELKAMBERE,28
ELKAMBERE,44
KURDE,14
SARIRA,39
GARABEY,55
GARABEY,47
SINAI,63
GESIREB,130
GESIREB,130
HADI,3
HADI,3
IRE,3
HULUGHO,"1,491"
HULUGHO,"1,491"
JILOMATA,50
JILOMATA,50
KORAN HINDI,46
DOI,116
KORAN HINDI,29
MUFTU,73
MUFTU,73
TUMTISH,23
TUMTISH,23
WARDEIJAB,5
WARDEIJAB,5
SANGAILU,21
EGE,20
EGE,20
GEDILUN,9
GEDILUN,9
HANDARO,11
HANDARO,18
SABENAL,3
MARE,24
MARE,24
SANGAILU,40
MATAARBA,17
SANGAILU,541
WAKAB-HAREY,72
WAKAB-HAREY,72
IJARA,58
IJARA,71
BULA GOLOL,111
BULA GOLOL,111
IJARA,129
IJARA,874
WARDEGOGA,51
SANGOLE,26
BULLA WACHA,31
SANGOLE,23
KOTILLE,93
ABALATIRO,337
ABALATIRO,337
KORISA,28
KORISA,28
KOTILLE,172
BULA WARIDE,223
KOTILLE,159
MASALANI,68
GABABA,14
ABDI GURE,12
GABABA,15
GUMAREY,139
GUMAREY,139
HARA,23
HARA,70
QARMADHA,16
RAHMA,11
M. DAHIR,158
M. DAHIR,158
MASALANI,"1,792"
MASALANI,"1,792"
TORABORA,539
BULA HAJI,539
RUQA,22
GERILLE,52
GERILLE,52
RUQA,30
RUQA,30
WARSAME,12
WARSAME,12
LAGDERA,8
BENANE,7
BENANE,18
BENANE,24
HAGARJERER,14
ELDERE,5
ALI SAGAR,
BULLO,18
ELDERE,16
TOKOJO,3
TOKOJO,3
MODOGASHE,8
BARKUKE,13
GARSE,13
ILAN,8
ILAN,8
MAALIMIN,4
DIHILE,3
MAALIMIN,18
WAYAMAJIBRIL,1
MODOGASHE,13
JANJU,3
JILANGO,8
MODOGASHE,19
SHANT ABAQ,9
AFWEIN,3
AFWEIN,3
BARAKI,14
BARAKI,14
GOREAL,22
GOREAL,22
GURUFA,13
CHERON,10
GURUFA,17
SHANT ABAK,5
SHANT ABAK,5
WAJIR,14
BUNA,13
BUNA,9
BATALU,13
BASNECHA,67
BATALU,9
KUROW,8
BUTE WAYAMA,2
BUTE WAYAMA,13
SALA,1
BOJI,5
BOJI,5
BUNA,30
BERAMO,62
BUNA,777
FUNANBUA,124
GARSEAKE,2
EL-BORUIDO,1
EL-BORUIDO,1
INGIRIR,7
INGIRIR,3
JIBDER,30
MALKAGUFU,13
FULO,18
MALKAGUFU,12
MASALALE NORTH,14
MASALALE NORTH,14
KORONDILE,20
BASIR NORTH,9
BASIR NORTH,9
GOLBO,8
GOLBO,8
JARTE WEST,8
KORONDILE,53
KOBOLE,11
KORONDILE,174
NYATTA,14
LAKOLE NORTH,10
BITOYREBAY,10
LAKOLE NORTH,10
SAA-KUNO,9
LENSAYU,22
KOBEDATACHA,14
LENSAYU,24
HARADE,24
HARADE,24
WELMARER,23
SIREY,6
SIREY,6
ELDAS,20
ANOLE,49
ANOLE,32
ANOLE,32
JUKALA,46
JUKALA,73
TOWFIQ,35
MAJABOW,71
MAJABOW,71
MALKAGUFUL SOUTH,92
MALKAGUFUL SOUTH,92
WARADEY,75
WARADEY,75
WARGADUD,54
WARGADUD,54
DELA,16
ABDIWAQO,18
ABDIWAQO,18
DELA,13
DELA,13
HARAGAL WEST,11
DELA YARE,17
DELA YARE,17
ELDAS,15
ARESWARJI,14
ARESWARJI,14
BASIR,136
BASIR,136
BULLASHAIR,348
BULLASHAIR,348
DAADANTALAI,24
DADHANTALAI,24
ELDAS,186
ELDAS,333
WAGBERI,143
KILKILEY,9
KILKILEY,9
LAKOLE SOUTH,7
LAKOLE SOUTH,7
MASALALE,23
MASALALE,23
EL-NUR,25
BALATUN AMIN,25
BALATUL AMIN,25
BIAD,17
BIAD,48
ELYUNIS WEST,6
DODHA,368
DODHA,368
EL-NUR,24
EL-NUR,24
TOHIID,64
TOWHIID,64
HABASWEIN,16
BANANE,14
BANANE,21
BANANE,21
DABLEY,6
DABLEY,6
ILDALATA,35
TURGUDA,35
SALA,15
SALA,15
SARIF,12
SARIF,12
DADAJABULLA,17
BROON,23
BROON,23
DADAJABULLA,53
DADAJABULLA,53
ELIMA DAGOL,5
ELIMA DAGOL,5
GARASKA,7
GARASKA,7
GETWAB,5
GETWAB,5
LAGDUB,18
LAGDUB,18
HABASWEIN,21
ABAKORE,18
ABAKORE,18
ABORE,2
ABORE,2
ALIDUMAL,1
ALIDUMAL,1
DALSAN,20
DALSAN,20
DILMANYALE,25
DILMANYALE,50
DULGUB,5
FADIWEIN,8
FADIWEIN,8
HABASWEIN,"8,404"
CENTRAL,"8,404"
KARU,3
ALLANUS,3
KIBILAY,473
BULLA JUU,355
KIBILAY,"7,449"
LAGBOGOL,49
LAGBOGOL,49
LAGDIMA,14
LAGDIMA,14
MATHAHLIBAH,5
MATHAHLIBAH,5
MERI,23
AQALAAR,19
MERI,27
NDEGE,436
NDEGE,436
SILIGLE,81
SILIGLE,81
TESORIE,12
TESORIE,12
UDHOLE,2
UDHOLE,2
SABULI,11
DAGAHLEY,15
ABDILLE GAB,20
DAGAHLEY,20
MATHAHBAQAY,9
WELARI,10
DARFUR,4
DARFUR,4
FINI,27
FINI,27
LAMBARAHA,19
LAMBARAHA,19
SABULI,12
ARABLOW,5
ISKEDEG,9
SABULI,63
SHIDLEY,6
SHIMBIRBUL,2
SHIMBIRBUL,2
TARBAJ,6
KOTULO,6
AUSMUDULE,3
AUSMUDULE,1
KAJAJA II,6
BOJIGARAS,8
BOJIGARAS,8
DASHEG,14
DASHEG,9
KAJAJA I,51
KOTULO,6
EL-KOTULO,8
KOTULO,6
LAFALEY,11
JOWHAR,36
LAFALEY,8
WARGADUD,4
HUNGAI,6
WARGADUD,4
MANSA,3
BURMAYO,5
BURMAYO,5
ELBEN,7
ELBEN,7
MANSA,2
MANSA,2
OGORALE,2
OGORALE,2
SARMAN,8
DAMBAS,9
DAMBAS,7
JAIJAI,17
MACHINE BEN,23
DUNTO,5
BASANIJA,9
DUNTO,4
GUNANA,10
GUNANA,7
KORAMA,96
SARMAN,8
BERJANAI,40
SARMAN,5
TARBAJ,7
HARAGAL,6
HARAGAL,5
MAJABOW,7
KATOTE,8
HASSAN YAROW,15
KATOTE,6
TARBAJ,7
ELYUNIS,5
TARBAJ,8
WAJIR EAST,27
CENTRAL,726
ALIMAOW,"4,313"
ALIMAOW,"4,313"
BARAZA PARK,"5,010"
BARAZA PARK,"5,010"
BARWAQO,839
BARWAQO,839
MAALIM SALAT,301
ELMI,44
MAALIM SALAT,"1,183"
FURAHA,628
BULLA GADUD,568
FURAHA,698
GOT-RAHMA,67
GOT-RAHMA,67
HALANE,"1,576"
HALANE,"1,576"
HODHAN,161
HODHAN,161
JOGBARO,956
GOT-ADE,"1,212"
MAKOROR,755
JOGOO,"8,167"
JOGOO,"8,167"
TOWNSHIP,"3,550"
TOWNSHIP,"3,550"
WAGBERI,918
WAGBERI,918
KHOROF HARAR,7
KHOROF HARAR,7
GURMAREY,2
KHOROF HARAR,21
QARSA,3
WAJIR BOR,4
ARBAQERAMSO,32
ARBAQERAMSO,25
LANBIB,56
ANDAKI EAST,1
ANDAKI EAST,1
KONTON,4
KONTON,4
RIBA,1
RIBA,1
WAJIR BOR,5
WAJIR BOR,5
WAJIR NORTH,15
BUTE,28
BUTE,90
BUTE,264
BUTEGODHA,25
DUGO,37
DUGO,37
GODOMA,96
GODOMA,96
GUMAR,44
GUMAR,44
HOTE,18
HOTE,18
OGORJI,6
ADADIJOLE,16
JARTI,40
OGORJI,3
WALENSTUTU,65
WALENSTUTU,65
WATITI,123
WATITI,123
GURAR,10
AJAWA,19
AJAWA,19
BOSICHA,8
BOSICHA,8
DANABA,30
DANABA,766
HADARAKA,10
GARKILO,16
BASAKOROW,9
GARKILO,22
GULANI,4
BOLOWLE,4
GULANI,3
GURAR,22
GURAR,22
QARARI,1
QARARI,1
QARSABULA,9
QARSABULA,9
QARSASARE,15
QARSASARE,3
SAKE GAMADA/GAGABA,21
QUADAMA,4
QUADAMA,4
WAJIR SOUTH,11
BURDER,9
ABAQDERE,28
ABAQDERE,28
BURDER,7
BURDER,7
GULLEDERE,2
RABABALE,6
WELGARAS,17
IBRAHIM JIBILIBEY,13
IBRAHIM JIBILIBEY,13
SHIMBIREY,12
SHIMBIREY,12
DIFF,14
ALIO ISMAIL,8
ALIO ISMAIL,8
AQTALAHEL,11
AQTALAHEL,11
BALDOS DUGOW,230
BALDOS DUGOW,404
BULA GUMAR,186
DIFF,14
DIFF,14
HAMBALASH,9
HAMBALASH,9
QARURAH,16
QARURAH,16
SALALMA,17
BALI YAREY,11
SALALMA,20
KULAALEY,12
BILBUR - BOR,9
LAMANDED,10
BILBUR-BOR,11
SUKELA,7
EL-ADOW,21
EL-ADOW,35
MEYGAG,15
EYRIB,16
EYRIB,16
HUBSOY,5
HUBSOY,6
NOLLEY,4
KHUMBI,37
KHUMBI,37
KULAALEY,26
KULAALEY,25
LEHELEY,26
KURSIN,12
KURSIN,33
QOQAR,9
MACHESA,8
MACHESA,8
WAJIR-BOR SOUTH,7
ARGANE,4
ARGANE,4
HANDAKI,7
HANDAKI,7
IBRAHIM URE,7
IBRAHIM URE,7
WAJIR-BOR SOUTH,15
WAJIR-BOR SOUTH,15
GERILLE,7
GERILLE,7
WAJIR WEST,13
ADEMASAJIDA,26
ADEMASAJIDA,847
ADEMASAJIDA,847
HADADO SOUTH,17
HADADO SOUTH,17
KANCHARA,15
GUTICHA,10
KANCHARA,18
L.M.D,5
L.M.D,46
REQNORTH,2
LAGDIMA,16
LAGDIMA,16
LOLKUTA SOUTH,10
LOLKUTA SOUTH/GESDOR,10
ARBAJAHAN,7
ADAN AWALE,4
ADAN AWALE,4
ARBAJAHAN,13
ARBAJAHAN,12
KARA,16
GARSE KOFTU,7
GARSE KOFTU,7
WELATHI,4
GRIFTU,19
DADACH ANO,60
DADACH ANO,60
BOA,26
BOA,26
GRIFTU,16
GRIFTU,1
GRIFTU TOWNSHIP,"3,915"
JAGHIR,183
KURMAN,76
KURMAN,76
MATHO,16
MATHO,16
TULATULA,21
ABAQ MATHOBE,3
MIRGO HARUN,8
TULATULA,43
FATUMA NUR,3
FATUMA NUR,3
HADADO,6
ATHIBOHOL,3
ATHIBOHOL,3
GOTHEY,2
GOTHEY,2
HADADO NORTH,9
HADADO NORTH,9
HADADO WABERI,6
HADADO WABERI,6
LAGBOGOL,26
KORICH,6
KORICH,6
LAGBOGOL NORTH,37
BUSBUS,51
LAGBOGOL NORTH,32
WAGALLA,17
BARMISH,5
BARMISH,5
BOJIHERI,10
BOJIHERI,10
GANYURE,27
BADADA,13
GANYURE,25
WECHIR,39
KALKACHA,40
KALKACHA,40
KUKALA,142
KUKALA,142
LAGBOR,5
LAGBOR,5
MAUMAU,48
MAUMAU,48
SHANTA-ABAQ,45
SHANTA-ABAQ,45
WAGALLA,39
WAGALLA,39
MANDERA,33
MANDERA WEST,24
DANDU,28
BURDURAS EAST,211
BURDURAS EAST,211
BURDURAS WEST,96
BURDURAS WEST,96
DANDU,31
DANDU,27
EL-DANABA,41
GITHER,21
GITHER,18
SAKE,34
KUBIHALO,14
KUBIHALO,14
TAKABA,22
DARWED,17
AWACHO SAMBUR,17
DIDKURO,21
DIDKURO,21
DUDUBLE,8
DUDUBLE,8
LAGSURE NORTH,11
LAGSURE NORTH,11
LAGSURE SOUTH,19
BULLAMPYA,19
SUKELA KULI,4
SUKELA KULI,4
TAKABA,55
ARDAHALO,94
KUBDISHAN,6
TAKABA,716
WANGAI DAHAN,17
QOQAYE,9
WANGAI DAHAN,31
BANISA,39
BANISA,45
BANISA,51
BANISA,132
GURDIS,9
CHIRACHA,32
CHIRACHA,32
DERKALE,30
BURASHUM,16
DERKALE,34
KUKUB,60
TARAMA,48
EYMOLE,72
AMEYI,26
EYMOLE,111
LULIS,56
AWAL YATTANI,33
LULIS,79
KILIWEHIRI,63
KILIWEHIRI,72
BIRKAN,50
KILIWEHIRI,92
UMUR,64
FUNAN TESO,56
GOLJO,58
FUNAN TESO,55
KHOT KHOT,54
MALKAMARI,25
ARDA GARBICHA,23
ARDA GARBICHA,35
NITIYAYA,18
GUBA,26
CHOROKO,34
GUBA,26
TARBEY,29
JURUQO,8
HULLOW,32
HULLOW,32
MALKA RUQA,25
MALKA RUQA,25
MALKAMARI,21
DOMAL,93
MALKAMARI,18
KOTULO,29
BOREHOLE II,56
BOREHOLE II,67
BOREHOLE II,67
DABACITY,65
DABACITY,65
DIMU,18
DIMU,18
ELRAM,21
ELRAM,18
ABEY UMUR,5
ELRAM,44
GARSESALA,23
GARSESALA,23
KUTAYU,12
KUTAYU,12
KUTAYU,12
NYATALIO,13
KOTULO,41
BOJIGARSE,31
BOJIGARSE,31
HARWALE,20
HARWALE,20
KOTULO TOWN,487
KOTULO TOWN,487
LEHELE,14
LEHELE,14
MALBE,8
MALBE,8
LAFEY,22
LAFEY,27
ALUNGU,14
ALANGO GOF,14
BULLA ALUNGU,64
BULLA ALUNGU,64
DAMASA,72
DAMASA,72
FINO,15
FINO,12
HARERITUR,30
KABO,11
KABO,11
KAMORA LIBAN,56
KAMORA LIBAN,56
LAFEY CENTRAL,67
LAFEY CENTRAL,67
LAFEY SOUTH,28
LAFEY SOUTH,28
SHEIKH BARROW,10
SHEIKH BARROW,10
SALA,10
JABI EAST,10
JABI EAST,10
SALA,10
SALA,10
WARANKARA,18
BAMBO,26
BAMBO,105
BARMILLA,14
GARI,39
GARI,39
WARANKARA,12
SAFO,9
WARANQARA,13
MANDERA CENTRAL,39
ELWAK,72
BULLA AFYA,653
BULLA AFYA,653
ELWAK SOUTH,224
ELWAK SOUTH,224
ELWAK TOWN,44
DAWDER,14
EL-ADI,68
ELWAK TOWN,53
UDOLE,25
UDOLE,25
WANTE,36
ELGOLICHA,35
WANTE,36
QALANQALESA,30
FINCHARO,25
DOLOLO,995
FINCHARO,20
QALANQALESA,40
QALANQALESA,40
QARSA DAMU,33
QARSA DAMU,33
SHIMBIR FATUMA,24
BURMAYO NORTH,6
BURMAYO NORTH,6
BURMAYO SOUTH,185
BURMAYO SOUTH,214
GARSEDAM,146
CHACHABOLE,15
CHACHABOLE,27
KOB-ADADI,8
SHIMBIR FATUMA,46
SHIMBIR FATUMA,46
WARGADUD,25
WARGADUD,31
BUQE,14
ELELE,21
IRESKINTO,34
WARGADUD,41
SUKELA TINFA,13
SUKELA TINFA,13
WARGADUD EAST,19
WARGADUD EAST,19
QURAHMAHDOW,15
QURAHMADOW,15
MANDERA EAST,64
ARABIA,10
ARABIA,9
ARABIA,9
OMAR JILLOW,17
OMAR JILLOW,17
LIBEHIYA,8
FAREY,12
FAREY,12
LIBEHIYA,10
LIBEHIYA,10
QURADER,9
ODHA,4
BAMBO,3
ODA,6
SEROHINDI,18
HARAR,5
SEROHINDI,35
HARERI,26
ARESA,42
ARESA,42
HARERI,25
HARERI,25
QUMBISO,16
QUMBISO,16
KHALALIO,35
BELLA,234
BELLA,421
MATASAFARA,154
BULLA HAJI,135
BULLA HAJI,135
BURABOR,59
BUR ABOR,244
SHARIF,26
FIKOW,32
FIKOW,32
GADUDIA,94
GADUDIA,94
GARBAQOLEY,12
GARBAQOLEY,12
GINGO,587
DARIKA,614
GINGO,502
MEYGAG,765
HARERI HOSLE,8
BIDHA,5
HARERI HOSLE,10
KAMOR ELE,7
KARO,9
KARO,5
SIDAHJIROT,19
KHALALIO,254
KHALALIO,206
LEMANDED,364
CENTRAL,"1,262"
BARWAQO,302
BAKOLOW,143
BARWAQO,"1,890"
BORDER POINT ONE,"1,022"
BORDER POINT ONE,"1,022"
BULLA JAMHURIA,"3,152"
BULLA JAMHURIA,"8,623"
BULLA NGUVU,"3,283"
BULLA POWER,"1,937"
BULLA MPYA,"3,471"
BULLA MPYA,"3,471"
CENTRAL,"5,295"
CENTRAL,"5,295"
KAMOR,"3,667"
KAMOR,"3,667"
NEBOI,654
NEBOI,654
SHAFSHAFEY,"1,403"
SHAFSHAFEY,"1,403"
TOWNSHIP,"5,529"
TOWNSHIP,"5,529"
MANDERA NORTH,28
ASHABITO,16
ASHABITO,25
ASHABITO,25
GOFA,5
GOFA,5
GUTICHA,12
GUTICHA,12
KUBI,18
KUBI,18
MAROTHILE,76
MAROTHILE,76
OGORWEIN,21
OGORWEIN,21
SHIRSHIR,13
SHIRSHIR,13
OLLA,12
BARWAQO,15
BARWAQO,15
LANQURA,9
LANQURA,9
OLLA,12
KOBANDAQA,29
OLLA,11
SARMAN,23
SARMAN,23
RHAMU,167
BULLA DODAY,50
BULLA DODAY,456
JABIBAR,25
GIRISSA,830
GIRISSA,830
RHAMU,247
RHAMU,247
SHANTOLEY,"1,473"
SHANTOLEY,"1,473"
RHAMU DIMTU,46
GARSE,36
GARSE,36
KALICHA,84
KALICHA,84
MADO,147
MADO,147
RHAMU DIMTU,34
HARARE,4
QORAHEY,56
RHAMU DIMTU,104
YABICHO,37
YABICHO,37
MARSABIT,6
LOIYANGALANI,3
KARGI,3
KARGI,3
KAMBINYE,2
KARGI,4
KURKUM,1
KURKUM,1
SOUTH HORR,4
ARGE,2
KURUNGU,3
SOUTH HORR,60
LOIYANGALANI,3
LOIYANGALANI,4
EL MOLO BAY,5
GAS,1
LOIYANGALANI,8
MOITE,4
MT. KULAL,2
ARAPAL,1
LARACHI,21
MT. KULAL,5
OLTUROT,2
MARSABIT CENTRAL,37
CENTRAL,32
DAKABARICHA,810
DAKABARICHA,"1,068"
MATA ARBA,445
HULAHULA,7
HULAHULA,10
OGICHO,5
JIRIME,11
JIRIME,8
MILIMA MITATU,14
KARARE,20
KARARE,17
KARARE SCHEME,30
MOUNTAIN,121
TOWNSHIP,48
WABERA,"6,726"
NAGAYO,"2,259"
MAJENGO,"1,774"
NYAYO ROAD,"8,636"
SONGA,15
KITURUNI,10
LEYAI,11
SONGA,33
DIRRI,64
QILTA KORMA,55
GAR QARSA,19
QILTA KORMA,467
SAGANTE,73
GORO-RUKESA,52
SAGANTE,448
GADAMOJI,40
DIRIB GOMBO,38
DIRIB,38
QACHACHA,38
JALDESA,45
BADASSA,62
JALDESA,33
MARSABIT NORTH,3
KALACHA,5
EL-GADE,3
EL-GADE,3
RAGE,4
KALACHA,8
ILLER,5
KALACHA,12
MAIKONA,5
FOROLE,7
FOROLE,7
HURRI HILLS,6
BURARAT,2
HURRI HILLS,7
MAIKONA,4
ARANO,1
MAIKONA,15
MEDATE KURO,4
TURBI,2
BUBISA,1
BUBISA,2
ORONDER,1
BURGABO,2
BURGABO,1
TIGO,2
SHURR,1
HAWAYE,2
SHURR,
TURBI,3
DEMO,1
TURBI,6
MARSABIT SOUTH,8
KORR,13
BALAH,29
BALAH,51
HAFARE,25
ILLAUT,6
ILLAUT,6
NGURUNIT,7
LONYORIPECHAU,6
MPAGAS,3
NGURUNIT,12
KORR,18
HALISURWA,155
KORR,150
OROTILKES,6
LAISAMIS,5
KOYA,1
KOYA,1
SAKARDALLA,1
LAISAMIS,29
LAISAMIS,85
NAIRIBI,12
SILAPANI,13
LONTOLIO,8
LONTOLIO,19
LOSIDAN,5
NDIKIR,8
MERILLE,19
IRIR,8
MERILLE,31
LOGOLOGO,6
KAMBOE,33
KAMBOE,33
LOGOLOGO,5
GUDAS/SORIADI,6
LBAROK,1
LOGOLOGO,64
LOKILELENGI,614
MOYALE,33
CENTRAL,43
BIASHARA/GURUMESA,"6,067"
GURUMESA,"6,067"
BORI,6
BORI,23
QATE/TALUROBA,3
BUTIYE,977
BUTIYE,"2,175"
GOROMUDA,611
HEILU,427
HEILU,"1,081"
MANSILE,122
KINISA,148
KINISA,148
LAMI,"9,690"
LAMI,"9,690"
MANYATTA,"1,882"
MANYATTA BURJI,"1,882"
SOMARE,59
SOMARE,100
TESO,30
TOWNSHIP,"5,770"
SESSI,"4,931"
TOWNSHIP,"7,819"
GOLBO,20
DABEL,7
DABEL,114
DIRDIMA,8
GOLLA,7
GUYO TIMO,2
MISA,3
GODOMA,47
GODOMA,74
GODOMA DIDIQO,31
NANA,71
NANA,59
YABALLO,95
ODDA,32
FUNANYATTA,16
ODDA,89
NORTH HORR,4
DUKANA,4
BALESA RIRIBA,6
BALESA,6
BALESA SARU,1
BALES-SARU,3
BULLUK,
SABARE,1
DUKANA,8
DUKANA,8
EL HADI,3
EL HADI,3
MARINE,2
ILERET,9
ILERET,9
ILERET,9
NORTH HORR,3
GALAS,3
CHARIGOLLO,2
GALAS,8
MALABOT,2
MALABOT,2
NORTH HORR,3
DARADE,
ELBESO,2
NORTH HORR,7
QORQA,4
SIBILOI NATIONAL PARK,
SIBILOI NATIONAL PARK,
SIBILOI NATIONAL PARK,
SOLOLO,7
OBBU,9
AMBALLO,1
AMBALLO,1
BODHODHA,2
ANONA,125
ANONA,125
DAMBALA FACHANA,8
DAMBALA FACHANA,23
GARBA,1
SOLOLO RAMATA,186
RAMATA,186
WAYE,56
MADO ADI,165
WAYE GODHA,28
SOLOLO-MAKUTANO,11
SOLOLO-MAKUTANO,11
URAN,6
GOLOLE,54
GOLOLE,49
KARBURURI,66
RAWANA,3
BANALE,6
RAWANA/TITO,2
URAN,64
LATAKA,35
URAN,178
WALDA,9
WALDA,9
ISIOLO,11
GARBATULLA,10
GARBATULLA,9
BOJI,8
BOJI,8
TANNA,15
ESKOT,3
ESKOT/SIKLEY,3
GAFARSA,5
BELGESH,1
GAFARSA,52
GARBATULLA,19
GARBATULLA SOUTH/KAMPI SAMAKI,15
GARBATULLA NORTH,212
KOMBOLA,25
KOMBOLA,25
MALKADAKA,10
KUROFTU MOLLU,5
MALKADAKA,15
MUCHURO,32
MUCHURO,32
KINNA,12
DUSE,5
BIBI,5
DUSE,4
KINNA NORTH,21
KINNA NORTH,942
KUBISERA,1
KINNA SOUTH,173
KINNA SOUTH,737
GUBADIDA,27
KULAMAWE,19
KULAMAWE,20
YAQBARSADI,11
MADOYAKA,5
GIRISA,3
MADOYAKA,6
RAPSU,3
KORBESA,1
RAPSU,19
SERICHO,10
BADANA,2
BADANA,7
HARR ADHI,1
IRESA BORU,12
FOROSA,56
IRESA BORU,16
MOGORE,3
KOMOR_BULLA,17
KOMOR_BULLA,3
MODOGASHE NORTH,90
MODOGASHE,15
BURQUQE/BARKUKE,9
MODOGASHE SOUTH,119
SERICHO,12
BILIKI,6
GUBATU,21
QONE,1
SERICHO,232
ELEDERA,17
ELEDERA/HUDUN,17
ISIOLO,45
CENTRAL,96
BURAT,53
BURAT,69
KILIMANI,352
LEPARUA,14
CENTRAL,"5,137"
BULLA PESA,"7,373"
CENTRAL,"4,215"
ODHA,"1,819"
KAMBI GARBA,"1,009"
KAMBI ODHA,"2,932"
WASO,"4,133"
MARIRE,"10,446"
WASO,"2,282"
WEST,11
LORUKO,11
WEST,11
EAST,"2,695"
EAST,"2,544"
KIWANJANI,"4,717"
MWANGAZA,"1,174"
WABERA,"4,923"
TULLU ROBA,"2,822"
ACACIA,"2,822"
NGAREMARA,8
ATTAN,6
ATTAN,6
GOTU,2
BOJI DERA,1
GOTU,255
NAKUPURAT,11
NAKUPURAT,11
NGAREMARA,33
MANYATTA NORTH,92
MANYATTA ZEBRA,21
NGAREMARA,266
OLDONYIRO,17
KIPSING,16
KIPSING,16
LENGURUMA,11
LENGURUMA,11
LONGOPITO,11
LONGOPITO,9
TUALE,16
OLDONYIRO,32
OLDONYIRO,37
RUMATE,25
MERTI,4
CHERAB,3
DADACHA BASA,2
ALANGO,
DADACHA BASA,6
KORBESA,25
BILIQI,12
KORBESA,50
SALETI,33
MALKA GALLA,2
DADACHA LAFE,
MALKA GALLA,3
MATA ARBA,20
BULTO BONSA,94
MATA ARBA,14
YAMICHA,3
DUMA,
URURA/LOLKUTA NORTH/JIRA/NOORGOS/BUKUMA,4
YAMICHA,3
KOM,6
BISAN BILIQO,3
BISAN BILIKO,46
BILIQO MARARA,1
KOM,24
BULESA,12
NYACHIS,40
BULESA,48
GODA,3
MERTI,4
MERTI NORTH,3
LAKOLE,
MERTI NORTH,49
MERTI SOUTH,67
GODARUPA,6
MERTI SOUTH,116
MERU,220
BUURI EAST,230
BUURI,182
KIIRUA,331
KIIRUA,761
MARIINYA,179
RUNYENYE,237
MUGAE,72
MUGAE,72
MUTUUMA,262
MUTUUMA,262
NCHOROIBORO,345
KABUTUKII,264
TIGIJI,442
NKANDO,102
KINYENJERE,143
NKANDO,75
RUIRI,556
KAMUTUNE,556
RWARERA,114
KIRWIRO,58
KITHWENE,145
KIBIRICHIA,278
KIAMIOGO,430
KIAMIOGO,232
MBURUGITI,"1,176"
KIBIRICHIA,295
GATHUINE,103
KIMBO,434
NTUGI,400
MBOROGA,258
MUJUJUNE,"1,792"
MURINYA,453
NTUMBURI,148
BARRIER,128
MARURUI,171
NTUMBURI,149
NAARI,271
KITHIMA,101
KARUKU,101
KITHIMA,102
KONGO-ACEKE,163
KONGO-ACEKE,457
NDUNYURUMA,51
MAITEI,410
MAITEI,390
NTHUNGURI,434
MURUGUMA,477
GITIMENE,511
MICHOGOMONE,437
NAARI,428
KIRONYA,447
RUNKURU,420
NKUNGA,237
MITOONE,435
NKUNGA,125
BUURI WEST,126
KISIMA,69
KIENI,133
MUGUMONE,133
KISIMA,66
BUURI,61
MUROONE,73
MARITATI,66
ETHI,108
MARITATI,50
NGARENDARE,26
MANYAGALO,9
NGARENDARE,89
NGUSISHI,161
MUTARAKWA,77
NGUSISHI,701
NTIRIMITI,107
MARANIA,114
MIENJERA,345
NTIRIMITI,80
SUBUIGA,87
MUTUNYI,59
SUBUIGA,136
ONTULILI,335
ANTU BA MWITU,233
ANTU BA MWITU,376
SIRIMON,176
KANGAITA,398
KANGAITA,432
NKANDO,355
KATHERI,530
LOWER KATHERI,685
UPPER KATHERI,396
TIMAU,617
KIAMBOGO,327
KIAMBOGO,295
RUGIRANDU,440
KITHITHINA,410
KITHITHINA,276
MUTETHIA,644
TOWNSHIP,"1,718"
TOWNSHIP,"1,718"
IGEMBE CENTRAL,367
AKIRANG'ONDU,278
KATHELWA,104
KIBULINE,26
LIMBUKU,"1,445"
MUTHATENE,"1,101"
MACHUNGULULU,"1,734"
GITUINE,"1,692"
KAAI,"1,732"
MUUNU,"1,808"
ATHIRU RUUJINE,567
ATHIRU RUUJINE,"1,545"
ATHIRU,"1,545"
KAWIRU,416
BAIBARIU,450
KAENE,869
MURERA,141
THITHA,"1,499"
THITHA,"1,499"
KANGETA,258
ANTUBEIGA,"1,550"
BURIERURI,"2,010"
RUNGU,"1,016"
KANGETA,721
KALIMBENE,282
KANGETA,"1,491"
MUKULULIU,870
LIBURU,703
NTURUBA,"1,096"
MURINGENE,"2,139"
KITHARE,"2,091"
THUURU,"2,184"
NJIA,95
ITUULU,"1,180"
KIOLO KIA MUUTI,24
NJIA CIA MWENDWA,430
NKINYANGA,161
LAIKUMUKUMU,63
LILIABA,258
KIENGU,743
KIENGU,"1,185"
A/NJOUNE,"1,561"
AMAKU,"1,469"
KALINGENE,849
MOIRI,860
ANDIALA,"1,280"
KAURINE,822
NTHARE,616
NGUYUYU,544
KANJOO,382
KITHEO,757
NTHAMBIRO,657
IGEMBE NORTH,152
LAARE,274
ANTUAMBUI,212
LUBUA,"1,356"
LUKUNUNU,"1,663"
NDUMURU,67
NKANDA,"1,750"
NTUNENE,622
KILERA,252
KIRINDARA,"1,029"
LAARE,"2,036"
MARIRI,845
MUTUATI,102
AMWATHI,55
AMWATHI I,707
KACHURU,4
KABACHI,122
AMWATHI II,174
KAMBOO,71
MBURANJIRU,163
MURWETI,858
NGINYO,10
NKAMATHI,"2,270"
NAATHU,89
BUATHINE,43
NAATHU,"1,167"
NKANDONE,370
KITHETU,161
NKANDONE,"1,157"
NDOLELI,217
A/KIONGO,"1,104"
KARICHU,"1,278"
KIANI,758
RUONGO,"1,708"
LUCIUTI,"1,287"
ANJALU,"1,211"
KIROMWATHI,"1,405"
MARERE,"1,430"
MIRIKI,"1,211"
NDOLELI,25
NDOLELI/MALAENE/KAMANI,25
IGEMBE SOUTH,633
AKACHIU,453
AKACHIU,544
AMWAMBA,880
AUKI,416
ATHI,716
KIRINDINE,987
NCEME,509
GIIKA,177
MAREGA,145
UGOTI,236
NDUGUTO,"1,113"
AMUNJU,987
TIIRA,"1,166"
ATHIRU GAITI,531
ATHIRU GAITI,"1,095"
ANJARU,"1,632"
ANTUBAKIRU,899
KINDANI,291
LAKATHI,256
THAICU,320
KIRIMAMPIO,713
BWETHAA,680
THURIA,763
KANUNI,405
KABULINE,895
AMUNG'ETI,780
ANTUANTHAMA,"1,652"
IKUU,402
KANUNI,"1,221"
ATHIMBA,"1,121"
KIUNYENE,"1,337"
KIGURU,222
ANTUAMBUI,903
KIANDA,156
NKIENE,477
MAUA,"1,432"
ANTUBOCHIU,"1,514"
ANCHENGE,"1,223"
BURIEMARIA,"1,826"
KATHIARI,732
ITUMI,"1,584"
KINYANKA,442
KIEGOI,706
MBOONE,668
NGUNDUNE,740
KITHETU,"1,868"
ANKURANI,"1,138"
KATHIMA,"1,664"
KITHAENE,"2,444"
LULUMA,"2,996"
GITERETU,"1,412"
MAKIRI,"4,610"
MAUA,"3,387"
AMWATHI,"2,582"
GITUURA,"1,422"
KAIBU,"6,058"
IMENTI NORTH,767
GIAKI,215
CIOTHIRAI,274
CIOTHIRAI,274
GIAKI,223
KAMBEREU,244
MBEU,186
NTHAMIRI,235
KIBURINE,273
GACHUA,273
KIRIMA ITUNE,223
KANJAGI,208
KIRIMA ITUNE,233
MBIRIKENE,152
MBIRIKENE,152
KIAMWITARI,510
KAAGA,"1,450"
KONGOACHEKE,"1,450"
MULATHANKARI,"1,150"
MUKUA,"1,414"
NJOKA,912
NKABUNE,575
KANYUANGO,480
KATHITA,697
RWANYANGE,248
KAGIJU,272
NDIINE,218
THUURA,454
KIAMWITARI,508
RURIINE,384
KIATHANDI,706
CHUGU,931
CHUNG'ARI,863
KIRWIRO,"1,012"
KIRIMENE,835
KATHITHI,847
KIRIMENE,824
KITHOKA,649
KIRUAI,474
KITHOKA,"1,198"
THEMBA,381
NGIINE,673
GANKERE,571
KAMBITI,786
RUNOGONE,582
KANYIRA,871
KIANTHAE,376
MIRIGA MIERU WEST,"1,790"
IGOKI,"2,053"
GACHANKA,"2,861"
KABURINE,"1,157"
KIRINGA,"8,269"
LOWER IGOKI,"1,215"
MURINGO MBUGI,903
NG'ONYI,737
GITUGU,678
KIRIMA,402
NG'ONYI,940
NTAKIRA,"2,731"
KIRUGUA,"1,857"
MAGUNDU,"5,815"
NCHAURE,"1,589"
MUNICIPALITY,"3,287"
MUNICIPALITY,"3,326"
GAKOROMONE,"4,304"
KAAGA,"2,131"
KAAGA 1,"3,159"
MWITERIA,"3,331"
TOWNSHIP,"5,295"
NTIMA,"3,180"
KINORU,"4,091"
TUNTU,"2,658"
UPPER IGOKI,"2,948"
NTHIMBIRI,860
MPURI,889
KIAMIRIRU,"1,057"
MPURI,754
NTHIMBIRI,832
KAING'INYO,821
NTHIMBIRI,840
IMENTI SOUTH,494
ABOGETA EAST,436
IGOKI,674
GAATIA,671
MWICHIUNE,675
LOWER KITHANGARI,555
BARANGA,525
NTHARENE,567
KANYAKINE,588
KANYAKINE,588
KIRINGA,290
IGOKINE,422
KAIRAA,603
KITHATU,468
LOWER KIRINGA,119
KOTHINE,685
KIROGINE,973
KOOTHINE,940
RUKURA,472
NKACHIE,209
KITHAKANARO,219
MARAA,200
YURURU,770
KAMURINGI,672
NTAKIRENE,864
YURURU,734
ABOGETA WEST,460
ABOGETA,435
GATURI,526
GIUMPU,358
IGANDENE,380
CHURE,511
GIUTI,601
MACHIKINE,391
UPPER CHURE,541
KIUNGONE,414
BUBUI,357
LOWER KIUNGONE,427
UPPER KIUNGONE,473
UPPER KITHANGARI,460
IRIENE,526
KITHANGARI,451
NGONGO,431
IGOJI EAST,451
KIANJOGU,492
KIANJOGU,517
MITUNE,463
MIRURIRI,514
KATHIGU,475
MIRURIRI,559
MWERU,210
MWERU,371
MWOROGA,115
GIKUI,543
GIKUI,679
KINORU,"1,162"
NKUGWE,239
IGOJI,954
KUIRI,"1,121"
MUTONGA,793
KIATHATHI,553
KIATHATHI,576
RWARENE,497
NKUMBO,570
ITHITU,410
NKUMBO,769
IGOJI WEST,502
GAKIIRI,550
GAKIIRI,601
MUTUNGURU,479
KARIA,474
KARIA,504
MUCHOGOMO,433
KIAMWERI,403
KIAMWERI,422
KIROONE,383
KIANGUA,544
KIANGUA,617
NKUNJUMU,472
KINORO,566
KAURA,463
KINORO,672
MITUNGUU,355
KIRENDENE,285
KAURONE/MURINDA,254
RWOMPO,327
NDAMENE,615
KITHUNGURI,924
NKUMARI,452
NKUENE,875
KATHERA,585
KATHERA,583
MARIMBA,588
KIGANE,"1,106"
GAKURI,"1,341"
KIGANE,919
MIKUMBUNE,773
MIKUMBUNE,773
TAITA,"2,925"
TAITA,"2,925"
UKUU,752
BURIEKINGORI,830
KAUBAU,680
URUKU,597
BAITEGITU,657
URUKU,547
MERUCENTRAL,355
ABOTHUGUCHI CENTRAL,655
GATIMBI,416
BARAGU,547
MWITUMURA,293
RUIGA,446
KARIENE,"1,043"
GITAUGA,689
KARIENE,"1,429"
KIRIA,902
KARINDINE,745
KINUGU,898
KIRIA,"1,361"
KIRIRWA,628
KIRIGARA,945
KIRIGARA,846
RWANDERI,"1,038"
MARIENE,684
MARIENE,711
MUGAMBONE,626
NKUENE,405
NKUENE,390
NKUENE YA KIORO,424
NYWERI,698
NYWERI,711
RUGUTI,689
ABOTHUGUCHI EAST,293
GAITU EAST,272
MBAJONE,272
GAITU WEST,326
GAITU,279
NKUMBO,403
MWANGANTHIA,387
GATUUNE,725
IGANE,269
NDURUMA,231
KAONGO,322
NKANDONE,190
ABOTHUGUCHI WEST,624
KATHERI CENTRAL,696
KATHITA,568
MWIRANG'OMBE,796
NKIRIRI NORTH,646
NKIRIRI SOUTH,804
KATHERI EAST,582
KIATHUMBI SOUTH,581
KINJO NORTH,515
KINJO SOUTH,509
KIRIMA KIATHI,686
KATHERI WEST,552
KATHIRANGA CENTRAL,785
KATHIRANGA EAST,565
KATHIRANGA NORTH,447
KATHIRANGA WEST,539
KIBARANYAKI,702
GIKUNE,845
KAUGU,713
KIBARANYAKI,516
KITHIRUNE EAST,577
MBWINJERU,605
NKANDONE,544
KITHIRUNE WEST,574
KIARAGO,679
KIORU,532
MURUUGI,560
MARATHI,720
GAKURWENE,"1,548"
KARUGWA,477
MARATHI,465
NDURUMA,535
KAGUMA,392
NDURUMA,689
KIAGU,186
KIAGU,148
KATHWENE,150
KAUTHENE,129
KIAMURI,180
KIIJA,265
GITIE,575
KIIJA,407
NG'ONG'A,119
MAKANDUNE,225
KANYWEE,184
MAKANDUNE,223
MATETU,264
TIGANIA CENTRAL,441
KIGUCWA,451
KIGUCWA,803
ABODII,"1,127"
K.K.MWETHE,412
KIGUCWA,819
MUTONTO,932
MUCIIMUKURU,301
AMETHO,751
KARIMANCUMA,92
KIENI,657
MUCIIMUKURU,290
MIKINDURI,675
MIKINDURI EAST,675
AKAIGA,675
MULIKA,235
MIKINDURI EAST,235
THUURI,235
TIGANIA EAST,397
AMUGAA,667
AMUGAA,528
CHURIU,820
NKWILA,753
ANKAMIA,764
ANKAMIA,720
BARAIMU,817
GATITHINE,223
NGATUNE,223
GIITHU,361
GIITHU,810
NGUTU,196
IGARII,235
IGARII,378
MUKUNGA,159
NKANDI,453
IGURUNE,643
IGURUNE,504
NYAKINE,875
THANGATHA,368
IKANA,235
KUNATI,701
THUTI,418
TIGANIA CENTRAL,639
ANJUKI,"1,370"
AMATU,"1,575"
ANJUKI,"1,250"
ATWANA,998
ATHWANA,"1,246"
GIKURUNE,718
KIGURU,333
KIGURU,333
MIKINDURI WEST,348
MAREGA,348
TIGANIA EAST,142
AMUTHUMBA,42
AMUTHUMBA,63
KISILE,68
KISIMA/AREGAE,89
TURINGWI,31
KIAMBOGO,4
KIAMBOGO,4
GAMBELA,26
CHUMBIRI,48
GAMBELA,12
MULA,18
KALOTHERA,18
KARAMA,371
ANTUANDURU,356
ANTUANDURU,452
ITUNDU,282
KARAMA,374
AMETHO,886
BIRIRI,933
NTIRUTU,150
MBARANGA/URRU,734
MBARANGA,843
URRU,882
IKONGOLO,338
MUKUANI,228
MUKUANI,147
NTHANGARINE,488
MULA,37
KAMBERIA,37
MUTHARA,314
BUURI,119
LAILUBA,101
LANYIRU,92
MABURWA,233
MUTHARA,834
ATHANJA,934
ATHINGA,"1,058"
KITHARENE,660
THUBUKU,664
ANTU ANUU,591
IROTIA,"1,059"
THUBUKU,577
TIGANIA WEST,351
AKITHII,316
ATHWANA,316
KUANI,551
LACIATHURIU,134
MATIRU,506
KITHEO,756
KALIATI,762
KITHEO,800
MUCUUNE,854
NTIBA,499
NCHOORO,790
KARII,688
MANTHII,784
MWILI,923
RWANDA,75
KANDEBENE,56
KIBIRU,89
NTULILI,79
THINYAINE,317
LIMBINE,603
MWERONKANGA,171
TWALE,346
MITUNTU,165
MITUNTU,252
KALITHIRIA,218
MITUNTU,314
MUMUI,122
LAIRANGI,106
MUMUI,106
REI,144
THAU,278
MUTHIRU,276
THAU,281
TIGANIA WEST,618
KIANDIU,432
ITHAMARE,515
KIANDIU,380
KIANJAI,656
KIANJAI,761
MUTIONJORI,805
NAIRIRI,427
MACHAKU,444
MATHENE,699
URRU,636
MIATHENE,748
URINGU,441
KIMACHIA,357
AMWARI,459
NTOOMBO,261
KAMAROO,411
KIORIMBA,324
KIORIMBA,324
MACHEGENE,325
MBEU,477
KIBULINE,562
KIERU,448
KIMEREI,584
MBEU,379
NKOMO,526
KILENCHUNE,443
KUNENE,705
LIMAURU,320
MERU NATIONAL PARK,
MERU NATIONAL PARK,
MERU NATIONAL PARK,
MERU NATIONAL PARK,
MT. KENYA FOREST,
MT. KENYA FOREST,
MT. KENYA FOREST,
MT. KENYA FOREST,
THARAKA-NITHI,153
IGAMBANG'OMBE,165
IGAMBANG'OMBE,153
ITUGURURU,212
IGAMATUNDU,196
MBOGONI,238
KAJUKI,150
KAJUKI,184
KAMUTIRIA,161
MAKANYANGA,113
KAMAINDI,136
IGAMBANG'OMBE,129
KAMAINDI,144
KAMWIMBI,151
KAMWIMBI,151
KIARITHA,152
MUTINO,148
KAMONKA,168
KANTHANJE,118
MUTINO,178
MARIANI,197
KITHANGANI,132
KITHANGANI,292
MAREMBO,78
RIANTHIGA,94
WERU,242
MARIANI,252
KARONGONI,391
MARIANI,194
MAARA,431
CHOGORIA,618
CHOGORIA,664
CHOGORIA,"1,352"
GAKUI,594
GIANCHUKU,343
KIRARO,976
MAKURI,477
MUKWEGO,677
MURUGI EAST,610
KIRIANI,673
KITHARE,520
MUNGA,641
WIRU,578
MURUGI WEST,528
GANTARAKI,540
GITOMBANI,341
KIANJAGI,702
MUTINDWA,546
GANGA,498
KIRUMI,467
IKUMBO,277
KARIAKOMO,717
KIRUMI,635
MUGUMANGO,529
KIRIGUNI,396
NDUNGURI,626
NKANGANI,623
MITHERU,475
KARIMBA,413
KARIMBA,579
MIKUU,525
NDUMBINI,246
MITHERU,548
GATUA,480
RUGUTA,686
MUTHAMBI,395
GITIJE,603
CHAMUNGA,597
KITHITU,610
KANDUNGU,219
KAMWANGU,169
KANDUNGU,272
MUTHAMBI,564
GAICHAU,688
GITUJA,293
IRIGA,606
IGAMURATHI,532
WERU,654
MWIMBI,284
IRUMA,756
IKUU,769
IRUMA,741
KAARE,205
MURAGARA,177
NTUNENI,227
KIERA,182
KARII,102
KATHINGITU,83
MAGUTUNI,355
MAARA,446
KIROO,413
THIGAA,501
MERU SOUTH,656
CHUKA,721
GITARENI,433
GITARENI,867
KAARANI,456
KIAMUCII,277
KARINGANI,708
NDAGANI,766
NJAINA,498
RUKINDU,714
KIANG'ONDU,"1,391"
KIANG'ONDU,714
MUCWA,"1,120"
CHUKA TOWNSHIP,"2,936"
MUGWE,657
KIREGE,454
MUGIRIRWA,892
MUIRU,553
MUIRU,708
NKUTHIKA,423
MAGUMONI,544
MAGUMONI,619
NJURI,661
NTHAMBO,600
MUKUUNI,401
KARAMANI,400
KINORU,346
MUKUUNI,537
THIUTA,808
KATHATWA,736
THUITA,894
MWONGE,642
KABUBONI,851
KABUBONI,932
KANYAKINI,749
MWONGE,756
KAGUMO,672
KARAMANI,852
MWONGE,726
RUBATE,416
KANTHIIRI,306
RUBATE,535
THARAKA NORTH,70
GATUE,49
GATUE,81
GATUNGA,81
KATHANGACHINI,37
KATHANGACHINI,37
TWANTHANJU,38
MARAGWA,37
KAMAGUNA,34
KAMWATHU,40
KANJORO,65
KANJORO,76
MAUTHINI,57
MUKOTHIMA,215
GIKINGO,203
IRUNDINI,155
MUKOTHIMA,330
NTORONI,190
NTORONI/GATITHINE,190
THIITI,301
KIRUNDI,283
THIITI,326
THARAKA SOUTH,118
NKONDI,168
MATAKIRI,141
KERERIA,125
MATAKIRI,160
MWANYANI,295
MWANYANI/KABOTO,305
TUMBURA,207
NKONDI,154
NKONDI,176
RUKURINI,130
THARAKA CENTRAL,103
GITUMA,65
GITUMA,62
KAGUMA,68
MARIMANTI,129
KAMATUNGU,169
KIRANGARE,78
KITHIGIRI,132
MARIMANTI,124
NTUGI,105
KANYURU,145
RUKENYA,79
THARAKA SOUTH,92
CHIAKARIGA,119
CHIAKARIGA,103
MATIRI,162
KAMANYAKI,45
KAMANYAKI,45
KIRUKUMA,46
KAMARANDI,72
KAMARANDI,93
UTURINI,51
NKARINI,169
GACERAKA,152
NKARINI,182
TUNYAI,141
GAKURUNGU,115
GAKURUNGU,134
MWERERA,103
TUNYAI,153
GAKIRWE,51
KITHINO,256
TUBUI,147
TUNYAI,157
TURIMA,175
KAROCHO,159
IBOTE,141
KAROCHO,224
TURIMA,209
KATHUURA,166
TURIMA,214
MT. KENYA FOREST,1
MT. KENYA FOREST,1
MT. KENYA FOREST,1
MT. KENYA FOREST,1
EMBU,216
EMBU EAST,512
KYENI,517
KYENI CENTRAL,617
KATHANJURI,652
NYAGARI,562
KYENI EAST,470
KIGUMO,634
MUKURIA,292
KYENI N.EAST,732
IRIARI,721
KATHARI,732
KIANGUNGI,744
KYENI N.WEST,758
MUFU,705
NJERURI,733
RUKURIRI,918
KYENI SOUTH,345
KARIRU,321
KARURUMO,473
KASAFARI,167
KATHUNGURI,434
RUNYENJES,508
KAGAARI N.EAST,645
KANJA NORTH,618
KANJA SOUTH,679
MUKUURI,709
NDUURI,592
KAGAARI S.EAST,288
GICHERA,433
KIRINGA,203
KAGAARI S.WEST,363
KAWANJARA,618
MARANGA,193
NTHAGAIYA,371
RUNYENJES EAST,752
GICHICHE,738
KIGAA,692
MWENENDEGA,885
RUNYENJES WEST,865
GIKUURI,882
GITARE,756
MBIRURI,983
KAGAARI N WEST,601
KAMUGURE,371
KIANJOKOMA,691
MBUINJERU,579
MUGUI,673
EMBU NORTH,719
MANYATTA,719
GATURI NORTH,745
KAVUTIRI,680
KIANJUKI,674
ITONGURI,918
KATHANGARIRI,696
NGUVIU,681
RUGUMU,725
KIBUGU,668
GICHERORI,799
KIBUGU,648
NGERWE,546
MBUVORI,763
MBUVORI,763
NGANDORI EAST,867
KAMVIU,728
KARIARI,905
KIRIGI,957
MANYATTA,939
RIANJAGI,810
NGANDORI WEST,676
KAIRURI,636
KATHANGARI,593
KITHUNGURURU,837
MUKANGU,633
RUGURU,620
KIAMWINJA,539
KIRIARI,715
KITHUNGURIRI,562
MUKURIA,598
EMBU WEST,804
CENTRAL,"1,129"
KANGARU,"1,514"
KAMIU,"2,894"
NJUKIRI,803
NTHAMBO,701
MBETI NORTH,573
GATITURI,639
ITABUA,464
KIANGIMA,995
MUNICIPALITY,"6,462"
MUNICIPALITY EAST,"7,669"
MUNICIPALITY WEST,"4,444"
NEMBURE,542
GATURI SOUTH,693
ENA EAST,573
GATUNDURI,739
NEMBURE,742
KITHIMU,443
ENA WEST,570
KITHEGI,350
KITHIMU,524
MAKENGI,619
KEVOTE,563
MAKENGI,697
MBEERESOUTH,125
GACHOKA,190
KIANJIRU,180
KIRIMA,145
NYANGWA,313
MBETI SOUTH,163
GACHOKA,198
GACHURIRI,137
KIAMURINGA,159
MBITA,301
GIKIIRO,379
MBITA,235
KIRITIRI,90
GICHICHE,89
GICHICHE,160
NJIGO,64
KIAMBERE,72
KIAMBERE,71
NTHARAWE,74
KITHUNTHIRI,214
GACEGETHIORI,243
KITHUNTHIRI,197
MAVURIA,109
KOMBO MUNYIRI,160
MAVURIA,80
MUTUOBARE,59
GACABARI,47
KINDARUMA,65
MAKIMA,85
MAKIMA,85
MAKIMA,125
MBONDONI,76
MWEA GRAZING,70
MWEA,187
KARABA,252
KARABA,177
WACHORO,363
RIAKANAU,131
GATEGI,165
RIAKANAU,117
MBEERE NORTH,139
EVURORE,122
IRIAITUNE,59
IRIAITUNE,73
NGOCE,43
ISHIARA,221
CIANGERA,138
EVURORE,301
KAMARANDI,71
MUTHANTHARA,65
NDENDERU,78
KANYUAMBORA,282
KAMWAMBIA,334
NGURA,230
KIANG'OMBE,117
KARIRU,146
KATHERA,94
MURINGARI,185
KAMUMU,180
NGAARI,191
NDURUMORI,89
KIENIRI,63
THAMBU,133
NGUTHI,278
NGUTHI,224
RWIRIA,359
MUMINJI,82
KARAMBARI,115
ITIIRA,129
KARAMBARI,95
KIRIE,77
KIRIE,74
NGUTHI,78
MUMINJI,114
GANGARA,108
KIVUE,125
MUTITU,47
CIERIA,55
MUTITU,40
NTHAWA,290
GITIBURI,217
GITIBURI,234
MUCHONOKE,206
NTHAWA,323
KUNE,195
SIAKAGO,488
RIANDU,274
MUTHANU,251
RIANDU,293
THURA,413
KWANDUAMBOGO,430
THURA,400
MT. KENYA FOREST,
MT. KENYA FOREST,
MT. KENYA FOREST,
MT. KENYA FOREST,
KITUI,37
IKUTHA,9
ATHI,40
ATHI,44
KILAWA,59
KISIIO,34
KITUTI,44
KALIVU,38
KALIVU,40
KATILINI,32
MAKAIYE,41
MALUMA,38
MALUMA,45
MONGUNI,30
MUAMBANI,34
IKUTHA,63
IKUTHA,65
KIANGU,59
KYOANI,70
MAAINI,48
NDILI,84
NGAWUNI,54
KASAALA,61
KASAALA,73
NGWATE,54
NZAMBA,68
UIINI,55
KANZIKO,35
KANZIKO,35
KEUTUNDA,53
KITUVWI,13
KIVANDENI,74
KYANYAA,76
MWANIANGA,72
SIMISI,36
EKANI,55
ILAMBA,16
SIMISI,52
TSAVO EAST NATIONAL PARK,
TSAVO EAST NATIONAL PARK,
TSAVO EAST NATIONAL PARK,
KATULANI,146
KATULANI,146
ITOLEKA,181
ITOLEKA,205
KAKUUNI,154
KATHUNGI,100
KATHUNGI,100
KATULANI,175
KATULANI,155
KWA MULI,219
KAVISUNI,97
KAVISUNI,97
KAVUTA,94
IVOVOA,80
KAVUTA,105
MANGINA,103
MALIKU,68
MALIKU,68
MULANGO,262
KYAMBITI,273
KYANGUNGA,254
WII,172
WII,172
WIKILILYE,348
WIKILILYE,348
KISASI,157
KISASI,157
KATWALA,172
KANZAU,167
KATWALA,176
KISASI,153
KALATINE,102
MASIMBINI,164
KITUNGATI,197
KITUNGATI,197
MBITINI,197
MBITINI,197
MBUSYANI,94
MBUSYANI,117
MUKAMENI,82
NGUUNI,77
UNG'AATU,99
MOSA,141
MOSA,141
NGANGANI,295
NGANGANI,295
NGILUNI,185
KASEVI,221
KAVASYA,192
NGILUNI,150
KITUI CENTRAL,251
CENTRAL,393
IVAINI,330
IVAINI,634
KASYALA,227
KWA-MUTHEKE,417
KYANGWITHYA EAST,294
KWA-NGINDU,955
KYALILINI,314
MISEWANI,579
MUSEVE,162
NZUNGUNI,447
KYANGWITHYA WEST,143
MULUTU,201
NDUMONI,138
TIVA,101
UTOONI,131
MULUNDI,323
MULUNDI,323
MUTUNE,552
KATYETHOKA,950
KAVETA,740
MUTUNE,364
TOWNSHIP,"2,143"
KALUNDU,"2,143"
TUNGUTU,940
MANYENGO,"1,712"
MBUSYANI,257
TOWNSHIP,"3,716"
TUNGUTU,291
UNYAA,374
MIAMBANI,94
KAMANDIO,121
KAMANDIO,121
KANZAU,62
MALILI,62
MIAMBANI,97
MAKAANI,124
MUNG'ANG'A,78
MUTULA,99
NZAAYA,114
VINDA,124
KITUI WEST,170
KAUWI,121
KATUTU,87
KASAKINI,50
NZALAE,91
KATUTU,179
KAUWI,235
KAUWI,291
KYONDONI,210
KATHEKA,167
KIVANI,118
KIVANI,93
KANGUNGI,157
MUTANDA,116
MUTANDA,116
SANGALA,116
MUTINI,106
KISEVENI,109
MUTINI,101
KYENGE,69
KISAYANI,91
KYENGE,57
MUTONGUNI,261
KAIMU,273
KAIMU,289
MITHINI,251
KAKEANI,245
IIANI,170
KANGII,369
KAKEANI,226
USIANI,211
KANGONDO,315
KANGONDI,315
MUSENGO,231
KAKUMUTI,228
MUSENGO,232
USIANI,184
KAVALO,217
USIANI,162
YALATANI,131
YALATANI,131
KYUSO,30
KAMUWONGO,82
ITIVANZOU,80
ITIVANZOU,92
TULANDULI,70
KAMUWONGO,112
KAMUWONGO,148
KYANDOO,81
TYAA KAMUTHALE,69
KAMUTHALE,63
KATOONI,67
NDOO,77
KYUSO,56
KIMANGAO,49
KIMANGAO,59
KISEUNI,37
MASEKI,48
KIMU,77
KANDWIA,87
KIMU,70
MBANGWANI,78
KYUSO,53
GAI,53
NGAAIE,58
KAGHUI,67
NGAAIE,62
NZAALANI,45
MIVUKONI,39
KAMULA,33
IVONANGYA,32
KAMULA,33
MIVUKONI,40
KATUKA,37
MATAKA,45
TWIMYUA,44
KAKOONGO,42
TWIMYUA,45
NGOMENI,15
KAMUSILIU,31
KATHAALANI,22
NDATANI,32
KAMUSILIU,40
KAVAANI,9
IKIME,8
KAVAANI,34
MANDONGOI,6
MITAMISYI,15
KIMELA,16
MITAMISYI,25
TUMANA,12
NGOMENI,37
KALWA,32
KAVUTI,44
LOWER YATTA,53
KANYANGI,56
KALULINI,87
NGOMONI,92
SYOMUNYU,82
KANYANGI,82
KAVANGI,128
SYOMAKANDA,70
KANYONGONYO,37
KANYONGONYO,37
KILUMYA,37
KISEUNI,30
KISEUNI,29
KITHIANI,33
MANDONGOI,62
KISAYANI,91
MANDONGOI,63
MASIMBA,51
NZAMBIA,60
NZAMBIA,65
YAMUNYU,51
KWA VONZA,37
KANYONYOO,25
KANYONYOO,16
MWAKINI,51
KWA VONZA,108
TANGANYIKA,108
MIKUYUNI,42
MASAANI,71
MIKUYUNI,33
YATTA,74
ILIKA,77
ILIKA,65
WAIVUMBU,84
KAWONGO,62
KATHOME,58
KAWONGO,66
NDUNGUNI,76
KYAITHANI,78
NDUNGUNI,73
NTHILANI,65
KWAKILYA,70
NTHILANI,60
NTHONGONI,75
KATHEMBONI,79
MUVITHA,71
YATTA,82
MAKUSYA,92
MAMOLE,70
NYANYAA,84
MATINYANI,181
KATHIVO,163
KASAINI,193
KASAINI,193
MAKOLO,193
KATHIVO,150
KALINDILO,145
KATHIVO,155
KITHUMULA,202
KITHUMULA,168
NDIUNI,271
KOMBU,167
KILIMU,145
KYUASI,213
KWA-MULUNGU,115
KWA-MULUNGU,140
MASELELE,104
KWA-MUTONGA,78
KWA-MUTONGA,87
KITHUIYANI,95
KWA-MUMO,78
MUTONGA,91
MITHIIKWANI,67
MIKUYU-MIKYA,72
MITHIIKWANI,54
MIWONGONI,89
SYOKITHUMBI,81
KALIMBEVO,73
SYOKITHUMBI,86
MATINYANI,353
KALIMANI,272
KAVUVUU,380
KYAMBUSYA,206
NZAKAME,312
KAUMA,339
KAUMA,350
MUSOSYA,326
MATINYANI,388
KALIA,405
KATHEUNI,263
KYONDONI,560
MUTULU,451
KATHUMA,486
KITUMBI,441
MASEKI,382
MIGWANI,125
MIGWANI,194
ITOLONI,252
KAVALYANI,307
ITOLONI,201
KYOME,161
KYOME,189
NDALUNI,134
MIGWANI,209
KALILUNI,128
KYAMBOO,305
MIGWANI,319
NZAUNI,195
KIIKINI,312
MUIVU,125
NZAUNI,238
THOKOA,179
KASEVI,220
MUSUANI,159
THOKOA,170
NGUUTANI,94
NGUUTANI,96
KAKULULO,109
NZALAE,82
NGONGONI,181
KAVOLOI,187
MATHUNZINI,240
NGONGONI,157
NZAWA,140
MUTHIONI,97
NZAWA,174
THITANI,79
KAVAINI,58
KASANGA,100
WINZYEEI,46
WIKIVUVWA,41
WINZYEEI,49
KANYAA,245
KANYAA,229
KITULANI,271
THAANA NZAU,59
YENZUVA,66
KYUSYANI,49
THAANA,61
NZELUNI,148
ILALAMBYU,186
ILALAMBYU,153
MUNGALU,244
NZATANI,133
KALUU,82
MWANZILU,185
NZATANI,133
NZELUNI,148
KALIVE,120
NZELUNI,185
MUMONI,48
MUMONI CENTRAL,60
KATSE,52
KAMATHITU,46
KONYU,37
MBARANI,77
MUTANDA,73
KALIWA,70
MUTANDA,86
WANGUTU,69
NGUUKU,63
KATHIANI,67
KATIA,86
MUSOSYA,51
MUMONI SOUTH,38
KAKUYU,41
KAKUYU,55
KYANDALI,63
NGUNGANI,23
MUKONG'A,35
IKOONGO,32
MUKONG'A,39
MUTITU,12
MWITIKA,12
ENDAU,5
KATHUA,16
KATUMBI,2
NDETANI,4
YIUKU,28
KYAMATU,10
KYAMATU,45
MUTHUNGUE,6
NZANZU,20
MALALANI,6
MAKUKA,3
MALALANI,17
SYOU,14
TWAMBUI,6
MWITIKA,39
KATIKONI,28
KAVINGO,40
KIKUU,55
KILAA,75
MAKONGO,22
ZOMBE,56
KASUNGUNI,55
MALATANI,52
NGUNGI,55
THUA,64
MUTITU NORTH,39
MUTITU,39
KALIKU,26
KAVUTENI,27
KAWALA,28
KYAIMU,32
MANYOENI,23
MUTITU,64
ITIKO,35
KITOO,97
MASASINI,44
MUSUKINI,84
MUTOMO,40
IKANGA,79
IKANGA,97
ILUSYA,105
ITHUMULA,64
KATHUNGU,137
KIANGWA,114
MAKELLE,114
NDUUNDUNE,72
KYATUNE,63
KYATUNE,69
NDATANI,38
NGWANI,76
VOTE,55
YONGELA,88
MUTHA,20
MATHIMA,57
KENGO,43
KIATI,49
KIIMANI,59
KIVYUNI,59
MIVUNI,81
NDILILI,98
MUTHA,11
KAATENE,32
KALAMBANI,16
NGAANI,8
NDAKANI,30
ISAA,62
KALIA KATUNE,18
NDAKANI,39
MUTOMO,77
KIBWEA,74
KAWELU,92
KIBWEYA,65
UAE,57
MUTOMO,80
KANDAE,81
KITOO,72
MWALA,92
VOO,41
VOO,41
IMALE,49
KASASI,41
KIANGINE,42
KYAANGO,54
NZUNGUNI,33
MWINGI CENTRAL,95
CENTRAL,163
ENZIU,73
ENZUI,75
KANZUI,69
KAVUVWANI,384
KAVUONI,130
KAVUVWANI,124
MWINGI,"1,491"
KIVOU,108
KISAMA,95
KIVOU,118
MWINGI,199
ITHUMBI,96
KYANIKA,422
KIOMO,65
KAIRUNGU,56
KAIRUNGU,53
KAKONGO,61
KIOMO,91
KIOMO,89
MBONDONI,95
KYETHANI,59
ITENDEU,68
KARURA,55
KYETHANI,57
WIKITHUKI,59
MUMBUNI,132
KALISASI,148
KALISASI,178
MATETA,126
KANZANZU,135
KANZANZU,159
MULANGA,103
KATALWA,111
KATALWA,121
MUTWAATHI,96
KISOVO,125
KILULU,107
KISOVO,141
MATHYAKANI,110
MATHYAKANI,115
NGUNINI,105
MUMBUNI,195
KISUNGULA,220
KWANUNGU,185
WAITA,58
ENDUI,44
KATITIKA,43
NYAANYAA,47
MUTWANGOMBE,67
KATHOKA,64
MURWANA,69
MWAMBUI,71
IKUUSYA,73
MWAMBUI,69
WAITA,58
THONOA,46
WAITA,74
MWINGI EAST,25
MUI,58
KALITINI,51
ITIKO,56
YUMBU,47
MATHUKI,55
KIMONGO,48
KITISE,60
MUI,63
KATHUMO,42
LUNDI,65
NDUVANI,50
NGILUNI,67
NGOO,76
NGUNGI,73
NGUNI,17
IMBA,6
KAMUTIU,38
MWALALI,4
MAAI,55
KITHUMULA,75
KYAVYUKA,43
MBUVU,37
KAKUNIKE,45
KALANGA,45
MBUVU,29
NGUNI,58
MATHYAKANI,37
MWASUMA,75
UKASI,12
UKASI,12
NUU,28
KAVINDU,34
KYANGATI,38
NGUUNI,31
MUTYANGOME,47
MUANGENI,40
MUTYANGOME,47
NGIENI,53
MWAMBIU,22
MUTULU,21
MWAMBIU,25
NUU,43
NGAANI,43
NYAANI,37
KYAMBU,39
NYAANI,35
WINGENI,17
MALAWA,17
NZAMBANI,146
CHULUNI,327
KYANIKA,509
KAVALULA,466
KILONZO,303
MWEMBE TAYARI,936
MALUMA,236
ITHUMULA,213
KAANGWENI,249
NZANGATHI,126
KANDUTI,83
KATUMBU,81
NDUNGA,85
KYALELE,196
KALUVA,169
KIVUMBUNI,231
THUA,67
KENZE,71
KANGUU,120
KYANZAI,57
NGUNGI,63
INYUU,69
KITHO,53
THAGICU,42
MUMONI NORTH,42
KANTHUNGU,43
GATORONI,44
KAMAINDI,44
KANTHUNGU,43
THARAKA,40
GACIGONGO,34
GAKOMBE,45
KANYENGYA,46
TSEIKURU,30
MASYUNGWA,22
KATUMBI,26
KATILINGE,20
KYANDANI,39
MASYUNGWA,19
KASAINI,14
KITOVOTO,38
MULANGONI,23
KATHIANI,64
MUTHUNGUE,15
MUSAVANI,30
KANINGO,22
KAMUTHANGA,19
KANINGO,27
NGERENI,19
MUSAVANI,42
KYENINI,38
NGOMANO,53
WIKITHUKI,34
USUENI,43
KYAMALUTU,38
USUENI,48
TSEIKURU,51
KAIVIRYA,62
KAIVIRYA,35
KALIMBUI,47
KANGARAI,44
NZIITU,67
TOWNSHIP,130
MWANGEA,51
KILAWA,53
MWANGEA,63
SUMONI,43
NGALANGE,49
KATHUNGU,46
NGALANGE,53
NGONGONI,40
CIOKEREKE,41
NGONGONI,40
NZANZENI,44
KASYATHYONI,43
MWANGENI,45
MACHAKOS,236
ATHI RIVER,386
KATANI/MLOLONGO,"1,372"
GITHUNGURI,"4,192"
GITHUNGURI,"4,192"
KATANI,188
KATANI,330
NGELANI,64
MLOLONGO,"2,378"
MLOLONGO,"2,650"
SYOKIMAU,"1,889"
KINANIE/MATHATANI,123
KINANIE,123
KINANIE,178
KWAMBOO,38
MATHATANI,145
LUKENYA,159
LUKENYA,159
KAMULU,172
MUTHWANI,157
MAVOKO,336
ATHI RIVER,"1,097"
ATHI RIVER NORTH,58
ATHI RIVER TOWNSHIP,"7,139"
OLOSHAIKI,54
MAVOKO,146
MAVOKO,67
KANAANI,"1,310"
KALAMA,113
KALAMA,113
KALAMA,219
KIITINI,211
NZIUNI,230
KIMUTWA,48
KAATHI,242
KIMUTWA,319
KONZA,8
KYANZASU,198
KOLA,235
IIUNI,195
KATANGA,269
KYANGALA,242
KAKAYUNI,251
KINOI,266
KYANGALA,212
LUMBWA,216
MUUMANDU,216
KANGUNDO,565
KAKUYUNI,505
KAKUYUNI,532
KAKUYUNI,532
KATHAANA,413
KATHAANA,376
KITHONGONI,468
KATHEINI,458
KAVILINGUNI,458
KAWETHEI,586
KAWETHEI,627
MBUSYANI,558
MUKUNIKE,578
KANGUNDO,676
ISINGA,715
MATETANI,676
MULINGANA,579
ISINGA,845
KANGUNDO,805
MAIUNI,832
MUISUNI,785
KANZALU,675
KIKAMBUANI,797
KILIKU,446
MBILINI,663
NDUNDUNI,879
KITWII,505
KAWAUNI,410
KITWII,636
KIVAANI,446
KIVAANI,446
IIA-ITUNE,377
KATITU,470
KIVI,553
MIU,420
NGUMUTI,554
KYEVALUKI,514
KYEVALUKI,514
KATHOME,525
KYEVALUKI,506
KATHIANI,548
IVETI,583
IVETI,583
IVETI,633
KAANI,327
KALILUNI,771
KITUNDUNI,655
KOMBU,833
MBUUNI,490
KATHIANI,640
KAEWA,640
ITHAENI,511
KAEWA,781
KALUNGA,931
KAUTI,440
KITHIA,816
KATHIANI,640
KAIANI,486
KATHIANI,892
LITA,510
MBEE,647
NGOLENI,763
MITABONI,435
MITABONI,435
KINYAU,235
MATHUNYA,545
MITABONI,616
MIUMBUNI,362
NGIINI,706
THINU,670
MACHAKOS,609
CENTRAL,"1,163"
KIIMA KIMWE,"1,178"
KATOLONI,726
KIIMA KIMWE,672
MBILINI,482
MUTHINI,"7,403"
MWANYANI,"1,619"
MUMBUNI,"1,287"
KASINGA,"1,055"
LOWER KIANDANI,"2,112"
MISAKWANI,857
MUNGALA,962
UPPER KIANDANI,"1,793"
MUVUTI,527
KIVANDINI,551
MUVUTI,497
TOWNSHIP,"2,309"
EASTLEIGH,"2,008"
MJINI,"2,645"
MUTITUNI,418
MUA,170
KYAANI,120
KYANDA,197
MUA HILLS,184
MUTITUNI,"1,151"
KIVUTINI,"1,201"
MUTITUNI,"1,666"
NDUU,756
NGELANI,619
KAMUTHANGA,707
NGELANI,502
NZOWENI,711
VOTA,243
KATHEKA KAI,243
KATELEMBO,317
KATHEKA KAI,402
KITANGA,204
MIKUYU,148
MASINGA,106
EKALAKALA,127
EKALAKALA,123
EKALAKALA,132
NZUKINI,108
IKAATINI,133
IKAATINI,148
ITUNDUIMUNI,124
MASINGA,85
KANGONDE,82
KANGONDE,76
KIKUMINI,89
MIKUYUNI,90
MUSINGINI,77
KITHYOKO,81
THATHA,79
EENDEI,67
KITHYOKO,111
MIANGENI,68
KIVAA,76
IIANI,60
KYONDONI,57
KAEWA,119
KIVAA,77
MASINGA,106
KATULYE,88
MUKUSU,100
MUSUMAA,122
MASINGA,126
NDITHINI,153
MANANJA,222
KASUVILO,153
MANANJA,309
MUTHESYA,171
KATHUKINI,229
KIKULE,98
MUTHESYA,305
NDITHINI,108
KIATINENI,137
MILAANI,51
NDITHINI,316
MATUNGULU,278
CENTRAL,212
KALANDINI,418
KALANDINI,385
KATANGINI,450
MBUNI,471
MATUU,146
KWALE,167
MATUU,291
WENDANO,75
KYANZAVI,224
KIBOKO,288
KIBOKO,441
UAMANI,153
KYANZAVI,230
KAYATTA,231
KIANZAMBE,286
KWA KUMBU,169
KAYANZAVI,254
KYELENI,180
KITULUNI,168
KWOSAU,312
KYELENI,247
NZAMBANI,316
OLDONYO SABUK FOREST,2
MATUNGULU,339
KOMAROCK,166
KOMA,254
MUKENGESYA,89
MATHEINI,361
KATHEKA,201
KING'OTI,762
MATHEINI,484
MATUNGULU,672
KAMBUSU,722
MUTHWANI,559
MWATATI,729
NGULUNI,323
KITHIMANI,464
KITHUANI,281
KWANGII,167
NGULUNI,527
TALA,895
KATINE,657
KYAUME,"1,433"
SENGANI,843
MWALA,179
KIBAUNI,105
IKALAASA,103
KAMUTHWA,109
MATULANI,61
NDITHINI,93
NGUNGI,165
KIBAUNI,108
ITUMBULE,146
KITILE,89
MUKAA,98
NGOMANO,106
KILALA,107
KIUNDWANI,103
MASII,227
MAKUTANO,198
EMBUI,165
KYAMUTWII,230
MATHUNTHINI,253
MANGO,226
KYANGANGA,262
WETAA,190
MASII,233
KAVUMBU,201
KITHANGAINI,209
MBAANI,186
MITHINI,214
UTITHINI,327
MUTHETHENI,205
KALIAMBEU,215
KANG'ETHE,181
KIONYWENI,188
KYETHIVO,205
NTHAANI,241
VYULYA,288
MITHANGA,303
MUUSINI,313
UUNI,271
MWALA,221
KATHAMA,230
ETIKONI,184
KATITU,228
KWA MUTULA,211
MUTHWANI,266
ULAANI,284
KYAWANGO,113
KANGII,66
KYAWANGO,111
MAWELI,153
MBIUNI,257
KABAA,219
MAKILIVA,314
MBIUNI,328
MUMBUNI,217
NYAANYAA,279
MWALA,261
KAMWALA,312
KIBAU,332
KIVANDINI,239
MYANYANI,231
NGULINI,192
YATHUI,142
MIU,168
KALAMBA,141
KIKULUMI,150
KYAWIKYO,160
NGAMBA,196
UTITHINI,188
WAMUNYU,142
KAITHA,124
KAMBITI,133
KILEMBWA,97
KYAWANGO,227
NYAANI,156
YATHUI,122
KWAKALA,81
KYAMATULA,147
KYANGULUMI,142
YATTA,162
IKOMBE,116
IKOMBE,124
IKOMBE,126
KITHEUNI,113
KYASIONI,139
KINYAATA,110
KINYAATA,102
MAKUTANO,117
MATHINGAU,111
KATANGI,103
KATANGI,120
KATANGI,142
MEKILINGI,103
KYUA,91
SYOKISINGA,93
KYUA,90
MATUU,237
MATUU,270
KAKUMINI,215
KALULUINI,148
KATULANI,156
MATUU,"1,018"
NDALANI,205
KIVINGONI,159
MAMBA,254
NDALANI,228
YATTA,205
KITHIMANI,205
KAMBI YA NDEKE,159
KITHENDU,335
KITHIMANI,164
MAVOLONI,205
KISIIKI,259
KWANDOLO,215
MAVOLONI,169
MAKUENI,121
KATHONZWENI,91
KANTHUNI,81
KANTHUNI,81
IVINGA - NZIA,87
KANTHUNI,82
YEKANGA,75
KATHONZWENI,118
KATHONZWENI,136
ITUKA,158
THAVU,115
KWAKAVISI,99
KAVINGONI,113
KWAKAVISI,87
KITHUKI,83
KANZOKEA,95
KIMUNDI,121
YINTHUNGU,79
KITHUKI,74
KITHUKI,74
KITISE,69
KIANGINI,72
KIANGINI,81
KITEEI,65
KITISE,69
KITISE,69
MBUVO,79
KITULINI,79
MWANIA,56
MWANIA,56
MAVINDINI,114
MAVINDINI,107
KATITHI,93
MAVINDINI,118
MUUSINI,129
KIUMONI,134
MUUSINI,126
KIBWEZI,63
KIBWEZI,122
KIKUMBULYU,133
KALUNGU,194
KATHYAKA,90
MBUINZAU,165
MIKUYUNI,630
NDETANI,164
NGANDANI,203
NGULU,62
MASONGALENI,100
KYANGULI,104
MASIMBANI,93
MASONGALENI,144
ULILINZI,83
MACHINERY,121
KINYAMBU,75
KINYAMBU,75
UTITHI,164
THANGE,172
UTITHI,155
MTITO ANDEI,91
KAMBU,85
KAMBU,132
KITENG'EI,54
KATHEKANI,58
KATHEKANI,58
MTITO ANDEI,68
MTITO ANDEI,68
NGWATA,87
MUKAANGE,87
NTHONGONI,137
MANG'ELETE,137
NZAMBANI,160
MUTHINGIINI,160
CHYULU GAME RESERVE,
CHYULU GAME RESERVE,
CHYULU GAME RESERVE,
TSAVO EAST NATIONAL PARK,-
TSAVO EAST NATIONAL PARK,-
TSAVO EAST NATIONAL PARK,-
KILUNGU,395
ILIMA,312
ILIMA,287
KYAKATONI,284
MATWIKU,298
MWAANI,280
KYAMUOSO,318
ENGAVU,276
ISOVYA,361
NDOLO,384
KYANGA,380
NDOLO,387
WAUTU,257
ITHUMA,330
MBUSYANI,209
KILUNGU,456
KIKOKO,565
KALONGO,561
KISEKINI,603
KITHANGATHINI,515
KILUNGU,316
MUSALALA,316
KITHEMBE,437
KAUTI,429
NDIANI,449
NDUU,434
MAKINDU,100
MAKINDU,100
KIBOKO,41
KAASUVI,31
KYALE,42
MULILII,71
MAKINDU,172
KAI,103
KAMBOO,40
KISINGO,90
KIU,292
MANYATTA,"1,072"
NGUUMO,155
KAUNGUNI,179
MUUNI,217
NDOVOINI,137
SYUMILE,95
TWAANDU,66
KALII,63
MITENDEU,65
NGAKAA,70
MAKUENI,214
KAITI,243
IUANI,229
IKUUA,192
IUANI,315
WANZIU,216
KILALA,265
KAUMONI,271
KILALA,322
NTHANGU,181
KIVANI,190
KIVANI,201
MAKONGO,180
MUKUYUNI,379
MUKUYUNI,379
UKIA,216
KYUASINI,173
MIWANI,211
MUMBUNI,187
UTAATI,197
NZUUNI,345
KEE,274
IKALYONI,260
IKALYONI,273
NTHONZWENI,248
KEE,347
KYAMWALYE,347
WATEMA,256
KASUNGUNI,255
KITANDI,244
MUTULANI,291
NGULUNI,238
WOTE,188
KIKUMINI,106
KAMBI MAWE,136
KIKUMINI,93
MUMBUNI,141
ITAA,119
MUMBUNI,153
MUVAU,117
KITONYONI,106
MUBAU,123
NZIU,198
NZIU,198
WOTE,393
KAMUNYOLO,574
UNOA,309
MBOONI EAST,141
KAKO,133
KAKO,133
KAKO,132
KYALUMA,107
MIAU,148
MBIMBINI,133
MBIMBINI,125
MITUVU,157
KALAWA,96
ATHI,77
KAVUMBU,75
MIANGENI,80
KALAWA,93
KALAWA,120
KIMEENI,81
MWELELI,85
MAKINYA,121
KASOONI,114
MALUNDA,108
MBUKONI,133
MBAVANI,81
KALOOI,68
KINZE,92
KATHULUMBI,86
KATANGINI,106
ITITU,112
THWAKE,100
KATHULUMBI,71
KATHULUMBI,69
MUTEMBUKU,78
SYOTUVALI,69
NDAUNI,101
KATHONGO,77
NDAUNI,127
KISAU,202
KALIMANI,214
MUKIMWANI,219
MUTHWANI,225
NDUUNI,197
KISAU,189
MANGANI,164
MWANA,221
NGONI,206
KITETA,277
KITETA,277
KAKUSWI,262
NDITUNI,302
NGILUNI,241
NGAA,198
UTUNENI,291
KIAMBWA,328
KANYENYONI,310
TAWA,336
WAIA,148
NDULUKU,130
MITHUMO,147
MUKUKU,114
USALALA,176
USALALA,193
WAMBITI,149
WAIA,139
SAKAI,139
MBOONI WEST,379
KITUNDU,362
KILYUNGI,565
KILYUNGI,697
KINYASYE,450
KITHUNGO,294
KALIANI,265
NGAI,305
UVUU,458
KITUNDU,419
KITUNDU,419
MATAA,389
KIUMI,286
MATAA,527
UTANGWA,393
KAVUMBU,315
UTANGWA,477
MBOONI,564
KYUU,552
KYUU,761
MUKUMU,384
MBOONI,525
MUTITU,651
NGAA,535
UTHIUNI,415
NZEVENI,644
KIKIINI,547
NZEVENI,770
TULIMANI,303
ITETANI,233
ITETANI,233
KALAWANI,285
KALAWANI,285
MAVINDU,507
MAVINDU,507
TULIMANI,228
IIANI,228
WANZAUNI,216
WANZAUNI,216
YANDUE,466
MBANYA,453
YANDUE,479
MUKAA,134
KASIKEU,214
KASIKEU,252
KASIKEU,278
KITHINA,224
MUMELA,208
MASOKANI,210
MUMELA,206
WATHINI,194
UVALENI,175
WATHINI,207
KILOME,253
KITAINGO,228
KIONGWANI,192
KITAINGO,271
MUKAA,276
KILOME,269
MAIANI,289
KIOU,120
KWALE,134
KIOU,163
KWALE,119
MUANI,116
LUMU,180
MUANI,223
SULTAN HAMUD,78
MALILI,93
KASALAMA,91
KASALAMA,91
KIIMAKIU,149
KAVUKO,159
KIIMAKIU,147
MALILI,86
MALILI,149
MAVIVYE,204
MUUMANDU,53
KIMUTWA,49
NGAAMBA,84
ITUMBULE,107
NGAAMBA,75
NZAUI,163
KALAMBA,225
IKANGAVYA,200
IKANGAVYA,181
KALEMBWANI,255
KALAMBA,267
KALAMBA,277
KWAKALUI,252
KITHUMBA,202
KITHUMBA,215
NDUUMONI,159
NZEENI,231
MATILIKU,167
KAWALA,174
KAWALA,121
MAVIAUME,190
NDOVEA,271
KILILI,133
KATHATU,118
KILILI,181
MULENYU,98
WEE,150
NZAUI,213
KWAKUKUI,155
MATILIKU,285
MBITINI,263
KAKUTHA,260
KITHUMANI,228
MANOONI,307
KAVUTHU,242
KAVUTHU,217
VULUENI,263
KYEMUNDU,273
KALIINI,308
KYEMUNDU,270
MBELETU,305
YUMBANI,222
MASUE,291
MASUE,291
MUNGYANI,222
MUAMBWANI,101
MUNGYANI,414
MUTISWA,260
KATANI,210
MUTISWA,314
MUTYAMBUA,290
KYUMBUNI,275
MUTYAMBUA,310
MULALA,248
EMALI,260
EMALI,388
KWAKAKULU,121
TUTINI,117
MULALA,250
ITETA,224
KATUNE,366
MAATHA,168
MATIKU,352
NGETHA,209
MWASANGOMBE,227
NGETHA,204
NGUU,82
ITHUMBA,96
KAKILI,84
MASUMBA,84
MII,99
MITHUMONI,118
KIKUMINI,113
KIKUMINI,115
NDUNGUNI,111
MWEINI,65
MWEINI,60
VOLOLO,63
YIKIVUMBU,77
NGUU,79
KANYILILYA,82
MASAMUKYE,69
NTHUNGUI,83
WOLWA,78
MAKASA,42
THITHI,121
WOLWA,89
NYANDARUA,194
KINANGOP,379
NYAKIO,491
NYAKIO,491
HARAKA,481
KAGERAINI,380
KARANGATHA,650
KIHUNGURU,583
MUKEU,432
RWANYAMBO,525
YAANGA,393
MAGUMU,433
MAGUMU,433
BAMBOO,842
GITWE,381
HENI,185
KARATI,267
MATURA,408
MUTONYORA,843
S. KINANGOP,382
NJABINI,382
KARIAINI,406
KIANDEGE,442
KIBURU,504
MURUAKI,229
NJABINI,397
TULAGA,363
GITHABAI,208
GITHABAI,208
GITHABAI,246
KOINANGE,247
NDOTHUA,139
PHASE LL,262
NYANDARUA SOUTH,299
CENTRAL,262
ENGINEER,283
ENGINEER,795
GATHARA,334
KAHURU,202
WERU,215
MURUNGARU,227
HIANYU,326
KAMBATA,174
OLMAGOGO,193
NORTH KINANGOP,361
KITIRI,325
KINJA,313
KITIRI,227
RAITHA,505
NORTH KINANGOP,390
KIAMBARIKI,367
MEKARO,515
MKUNGI,290
NANDARASI,627
MIRANGINE,274
MIRANGINE,241
MATHAKWA,320
MATHAKWA,300
MICHARAGE,346
MIRANGINE,313
KURUNGU,339
MIRANGINE,283
MATINDIRI,141
MATINDIRI,154
WANJURA,121
NGORIKA,292
NYAITUGA,350
NYAITUGA,308
WIYUMIRIRIE,437
NGORIKA,252
NGORIKA,252
RUTARA,320
KANJAU,328
RUTARA,316
SABUGO,370
SABUGO,560
NYAKIAMBI,725
SABUGO,390
GITUAMBA,374
GITUAMBA,423
KIHUHO,308
MATUNDA,320
MATUNDA,320
DUNDORI,300
KARANDI,270
MUTARAKWA,335
RUIRU,287
TUMAINI,216
KANJUIRI,185
KAGAA,102
KAGUMU,250
KANJUIRI,238
KAGUNDA,245
KIHOTO,311
MURINDATI,186
TUMAINI,226
GATHUNDIA,347
UPPER-GILGIL,133
KIPIPIRI,206
GETA,482
GETA,586
GETA,619
KAGONGO,467
RUTUBA,718
KIAMBOGO,453
KIAMBOGO,479
KIANJOGU,404
MAKUMBI,431
MAKUMBI,436
MIHATO,421
RUMWE,435
MIKEU,456
KANGURUNGA,434
MIKEU,478
KIPIPIRI,173
KIPIPIRI,286
KIRIMA,284
MACHINERY,221
MIHARATI,388
LERESHWA,149
KABATI,161
LERESHWA,134
MALEWA,138
GITWE,142
KIMATHI,139
MALEWA,132
MAWINGU,179
GITHIORO,235
MAWINGU,160
MUMUI,111
TURASHA,123
KIRIKO,181
MUNORU,90
WANJOHI,191
GATONDO,158
GATONDO,182
HUHIRIO,146
RIRONI,156
NDEMI,145
KIMURU,141
MICHORE,135
NDEMI,159
WANJOHI,279
GITEI,290
MAHIGAINI,198
WANJOHI,328
NYANDARUA CENTRAL,217
KAIMBAGA,232
GICHUNGO,371
GICHUNGO,369
MATHATHI,213
THITAI,550
KAIMBAGA,129
KANDUTURA,148
RUMATHI,108
MAWINGO,166
KIRIMA,112
KIRIMA,141
THABA,82
MAWINGO,200
KANYIRIRI,252
KARUGUTU,229
MAWINGO,147
MUNDI,195
OLKALOU,261
KAGAA,202
KAGAA,143
MUIRI,278
OLEOLONDO,218
MUNYEKI,139
KAHUHO,135
MUNYEKI,142
OLKALOU,474
KWALE,124
MANYATTA,214
TOWNSHIP,"1,278"
RURII,206
PASSENGA,231
GITHUNGURI,359
MATURA,239
PASSENGA,196
SILANGA,142
RURII,178
GIKUMBO,188
MANYATTA,155
MUKINDU,113
RURII,351
NYANDARUA WEST,255
BOIMAN,249
HUHO-INI,315
GITUAMBA,360
HUHO-INI,272
SILIBWET,194
KAMWANGI,215
SILIBWET,184
GATHANJI,179
GATHANJI,140
CHAMUKA,141
GATHANJI,139
NGANO,263
NGANO,285
NGATHA,240
GATIMU,459
GATIMU,636
GATIMU,523
MADARAKA,827
GIKINGI,"1,324"
GIKINGI,972
RIVERSIDE,"1,730"
KIWANJA,194
KANGUU,183
KIWANJA,206
OL JORO OROK,202
NYAIROKO,117
NYAIROKO,118
KIANIA,116
OL JORO OROK,358
LESIRKO,473
SIMBA,217
ORAIMUTIA,142
GICHAKA,185
ORAIMUTIA,104
WERU,209
GATUMBIRO,209
GATUMBIRO,335
KIHARO,144
KIRIMANGAI,264
KIRIMANGAI,300
GATHUNDIA,229
WERU,188
KASUKU,231
WERU,155
NYANDARUA NORTH,187
KANYAGIA,145
KANYAGIA,214
GATHERU,231
MAGUMU,202
KIHARA,124
KAHIGA,145
KIHARA,111
MURUAI,126
GITHIMA,149
MURUAI,108
MUTANGA,237
KIRIITA,345
KIRIITA,371
SHAURI,328
LESHAU,193
KAHEMBE,206
KARAGOINI,221
MBUYU,179
MUNGETHO,205
MAIRO-INYA,538
GATHANGA,441
GITHUNGUCHU,124
MAIRO-INYA,"1,282"
MATHINGIRA,151
KIRERA,130
LESHAU PONDO,227
MATHANJI,222
NGAWA,94
NDIVAI,138
NDARAGWA,155
KAHUTHA,140
KAHUTHA,237
NGAMINI,102
KIANJOGU,149
KIANJOGU,198
NDURURI,108
URUKU,174
KIRIOGO,159
KARIKI,146
KIRIOGO,184
MURICHU,251
MATUIKU,264
MURICHU,243
SHAMATA,178
KIRIMA,111
GAKOE,97
KIRIMA,122
MWIHOKO,204
KARANDI,285
KILIMANJARO,193
PESI,138
SHAMATA,212
SHAMATA,251
SIMBARA,128
ABERDARE NATIONAL PARK,
ABERDARE NATIONAL PARK,
ABERDARE NATIONAL PARK,
ABERDARE NATIONAL PARK,
NYERI,228
TETU,372
TETU EAST,636
AGUTHI,563
GICHIRA,635
GITITU,606
ITHEKAHUNO,600
MUNGARIA,540
THAGE-INI,437
GAAKI,623
GAAKI,590
GATHAITHI,527
HUHO-INI,659
KIAWAITHANJI,646
MUTATHI-INI,721
KARUNDU,714
KAIGURI,683
KARIGU-INI,769
KIANJOGU,775
KIGWANDI,723
KIHORA,679
MBAA-INI,590
UNJIRU,649
TETU WEST,233
HUHO-INI,438
ICHAGACIRU,438
KIRURUMI,438
KIMATHI,329
KANJORA,521
KARUNA-INI,206
NGOORU,399
MUHOYA,54
IHURURU,443
THATHA,21
THEGENGE,493
GATHUTHI,506
HUBU-INI,378
IHITHE,392
KARANGIA,621
KIAMUTIGA,402
MATHAKWA-INI,635
NDUGAMANO,575
WANDUMBI,339
TETU,467
KARAIHU,406
KIGOGO-INI,520
GATUMBIRO,492
KIENI EAST,246
CENTRAL,205
CHAKA,381
CHAKA,"1,348"
THIGI,220
KABARU,326
KAIRI,506
KIMAHURI,514
MBIRIRI,164
NDATHI,652
LUSOI,69
KARICHEN,77
LUSOI,68
THUNGARI,65
THIGU,241
GATEI,149
MARAGIMA,152
THIRIGITU,484
WARAZO,189
JET,272
HUHOINI,72
KIRIMA,294
MUNYU,200
KIENI EAST,281
GAKAWA,551
EQUATOR,982
KAAGA,541
KAHURURA,352
GITHIMA,174
BURGURET,198
GATHIURU,226
GATUANYAGA,151
GITHIMA,142
KAMBURAINI,208
KAMBURAINI,194
MANYATTA,247
RONGAI,190
KIAMATHAGA,327
GIKAMBA,574
KABENDERA,553
MURICHU,218
TIGITHI,193
NAROMORU,262
GATURIRI,129
NAROMORU,839
NDIRITI,252
KIENI WEST,171
KIENI WEST,199
ENDARASHA,310
CHARITY,380
ENDARASHA,898
GAKANGA,473
GITEGI,215
KINYAITI,181
MITERO,254
LABURA,108
HONI,96
LABURA,133
MWEIGA,257
AMBONI,381
BONDENI,273
KAMATONGU,151
MWEIGA TOWN,346
NJENG'U,240
MWIYOGO,128
KABATI,121
MUTHU-INI,144
MWIYOGO,123
GATARAKWA,144
GATARAKWA,158
EMBARINGO,245
KABENDERA,91
KAMARIKI,244
KIMUNYURU,173
LAMURIA,128
WATUKA,191
MUGUNDA,127
KAREMENO,100
NAIRUTIA,160
KAMIRURI,197
RUIRII,90
MATHIRA EAST,760
KIRIMARA,608
CHEHE,420
CHEHE,439
GATHAITHI,466
KARIKI,365
GATUNDU,737
GATUNDU,918
KIAGUTHU,595
IHWAGI,703
IHWAGI,716
KAIRIA,686
IRIAINI,792
KAHURU,640
KIAMWANGI,"1,238"
THEGENGE,447
TURI,538
GIKORORO,451
KAGUYU,527
GATURA,711
KONYU,686
GACHUKU,695
GACHUKU,578
GATHAITHI-INI,865
GAKUYU,457
GAKUYU,511
GATINA,394
KONYU,563
GATHUGU,610
MUKORE,517
PETER CIIRA,999
BARICHU,855
GATURIRI,717
GITHIMA,808
KARINDUNDU,"2,722"
PETER CIIRA,717
MAGUTU,631
GATHEHU,549
GATHEHU,498
GIAKAIBEI,638
NDUMANU,530
MAGUTU,511
GAIKUYU,359
GITIMAINI,450
GITUNDUTI,755
MUTHEA,811
GATEI,805
KAGOCHI,"1,135"
KANJURI,627
RAGATI,741
GIKUMBO,535
KARURA,575
MUNGI,722
RAGATI,"1,351"
MATHIRA,"4,557"
KARATINA,"4,384"
CHERU/KIANGARARU,"4,733"
JAMBO,"4,050"
MUTHUA,"3,758"
GATHUGU,"3,206"
MATHAITHI,"4,307"
RELI,"7,571"
COMMERCIAL,"7,049"
GIAKAIRU,"9,499"
MARKET,"6,184"
MATHIRA WEST,369
KIRIMUKUYU,553
ICHUGA,497
ICHUGA,487
KIAWARIGI,504
KIRIMUKUYU,496
KIANJOGU,561
MUTATHI INI,497
NGAINI,468
THAITHI,470
NGANDU,629
KAIYABA,716
NGANDU,561
RITITI,583
TUMUTUMU,582
GIAITUU,607
KIRIA,386
KIRIMA,599
MBOGOINI,789
THIU,581
NGORANO,353
GATUNGANGA,311
CHIENI,360
GATUNGANGA,295
MAGANJO,251
NGORANO,334
HIRIGA,281
KARUTHI,385
RUTHAGATI,427
GACHUIRO,506
GITHIMA,349
RUGURU,250
HOMBE,136
IRURI,378
NDUNDU-INI,355
SAGANA,89
RUGURU,450
GATHU-INI,460
ITIATI,449
KABIRU-INI,492
KAHIGA,384
KIAMARIGA,445
KIHURO,518
RUTURU,426
NYERI SOUTH,538
OTHAYA CENTRAL,641
IRIAINI NORTH,471
IHURIRIO,442
KAIRUTHI,511
IRIAINI SOUTH,460
KIANDEMI,425
THUNGURI,542
TOWNSHIP,928
GITUNDU,998
KIAHAGU,718
KIHUGIRU,"1,090"
KARIMA,505
KARIMA NORTH,510
GURA,469
MUTITU,561
KARIMA SOUTH,528
ITEMEINI,557
WITIMA,504
KARIMA WEST,467
THUTI,467
OTHAYA NORTH,532
MAHIGA EAST,599
KAMOKO,614
UGACHIKU,583
MAHIGA WEST,478
GATURUTURU,555
GIKOE,431
MUNYANGE,467
MUMWE EAST,580
KAGONYE,564
RUKIRA,590
MUMWE WEST,468
GITUGI,471
KIHOME,463
OTHAYA SOUTH,455
CHINGA NORTH EAST,520
GICHICHE,528
KAGONGO,515
CHINGA NORTH WEST,396
GIKIGIE,438
MUCHARAGE,349
CHINGA SOUTH EAST,582
KARUTHI,503
KIAGUTHU,660
CHINGA SOUTH WEST,422
MUMBUI-INI,482
GATHERA,351
MUKURWE-INI,498
MUKURWE-INI CENTRAL,497
GITHI,481
ICHAMARA,456
KIREREMA,514
MUHITO,817
GATURIA,"1,088"
MURUNDUINI,741
THIHA,601
MUTUNDU,285
KARECHENI,355
MUTUNDU,238
THANGATHI,359
ITHANJI,358
KIHARO,359
MUKURWE-INI EAST,507
GATHUITU,604
MUTHUTHIINI,580
THIMU,623
GIKONDI,577
KARINDI,514
KIIRUNGI,633
THANU,408
KAHARO,460
KARABA,352
KIBUTIO,427
MUKURWE-INI SOUTH,440
MWERU,440
KANGURWE,377
KARUNDU,517
GIATHUGU,514
IGANA,642
MWERU,449
IGANA,552
GATHEA,504
MIHUTI,587
RUTUNE,330
NGAMWA,325
KARIARA,335
MUKURWE-INI WEST,576
GAKINDU-INI,562
GAIKUNDO,538
GAKINDU-INI,574
MUYU,543
GATURA,529
MUYU,555
RUTHANJI,598
NJIRU-INI,643
RUTHANJI,555
GAKINDU,623
MBIU-INI,605
WANJITHI,666
NYERI CENTRAL,837
MUNICIPALITY,837
KAMAKWA,650
GITATHI-INI,"1,155"
KAMAKWA,"3,266"
KIHATHA,544
KIHUYO,485
KINUNGA,585
MATHARI,233
MUNUNGAINI,756
MUTHUAINI,640
KIGANJO,453
GACHIKA,385
KIGANJO,768
KIRICHU,508
NYARIBO,330
MUKARO,"1,645"
MAJENGO,"3,554"
THUNGUMA,782
RURINGU,981
CHORONGI,737
GATITU,583
GITHIRU,508
KARIA,"1,210"
MARUA,497
MURUGURU,457
RIAMUKURWE,595
RURINGU,"5,093"
MT. KENYA FOREST,
MT. KENYA FOREST,
MT. KENYA FOREST,
MT. KENYA FOREST,
ABERDARE FOREST,
ABERDARE FOREST,
ABERDARE FOREST,
ABERDARE FOREST,
KIRINYAGA,413
KIRINYAGA CENTRAL,800
INOI,752
INOI,632
KANGAITA,466
KIAWAKARA,727
MBETI,562
THAITA,747
KARIKO,698
KARIKO,793
NYAGITHUCHI,638
NDIMI,"1,091"
KARINGA,976
NDIMI,"1,159"
KIRINYAGA CENTRAL,"1,025"
KAITHERI,"1,314"
KAITHERI,"2,216"
KANGARI,822
KERUGOYA,"2,072"
KABUMBU,731
KAGUYU,"2,597"
KAMUKUNJI,563
KIMANDI,784
KIABARIKIRI,998
KIANDIRERI,652
KIBURI,759
KIMANDI,827
KOROMA,629
KARIA,828
NDUINI,573
NGARU,593
MUTITU,684
KANYEKIINI,582
KANYEI,721
KATHARE,636
KIAGA,409
KIANJEGE,595
MUTIRA NORTH,863
GATHUTHUMA,641
KABARI,623
KAGUMO,"3,795"
KAGUYU,654
MUTIRA SOUTH,741
KIRATINA,894
KIRUNDA,717
NJUMBI,639
KIRINYAGA EAST,585
GICHUGU CENTRAL,682
BARAGWI,685
KIANJIRU,523
RAIMU,"1,031"
RWAMBITI,554
KARIRU,519
KARIRU,553
KIREREMA,465
KARUMANDI,739
GUAMA,796
KIARURI,760
NDUNDUINI,674
RWATHAI,695
GATU,711
KIATHI,528
THIMU,796
THUMAITA,689
KAMUGUNDA,684
KAMWETI,694
GICHUGU EAST,522
NGARIAMA EAST,512
KIAMUGUMO,557
RUNG'ETO,498
NGARIAMA WEST,528
KABARI,557
NYANGENI,465
THIRIKWA,557
GICHUGU WEST,625
GACHIGI,640
GACHIGI,701
KIANGUENYI,592
KABARE,687
KIRINGA,759
KIRITINI,630
NGIROCHE,696
KABARE WEST,525
KUTUS,762
MIKARARA,471
RUKENYA,474
KIRIMA,676
MUTIGE,772
NJUKU EAST,702
NJUKU WEST,561
NJUKI-INI,467
NJUKI-INI NORTH,462
MBIRI,437
NGERWE,452
NGIRIAMBU,505
NJUKI-INI SOUTH,470
KANJUU,397
KIAUMBUI,491
MIRICHI,437
MIRICHI SOUTH,563
KIRINYAGA WEST,552
NDIA EAST,629
GETUYA,564
GITAKU,580
KIANJANGA,611
KARIAINI,458
GIACHONGE,681
KAGIO-INI,681
THUMAITA,592
IRIA,592
MUKURE,550
KIMATHI,459
MUKURE,568
KANYOKORA,586
MWERUA,834
MATTHAURI,470
BARICHO,572
KITHUMBU,"1,910"
KANJAI,462
THIIYA,462
NDIA WEST,545
KIANGAI,556
KIANGAI,556
KIBINGOTI,528
KIBINGOTI,528
KIINE,549
NGUGU-INI,578
RUIRU,510
SAGANA,466
GACHARU,399
GACHARU,351
KINYAKIIRU,477
KARITI,417
MUKUI,494
NYANGIO,366
SAGANA,524
SAGANA,954
THIGIRICHI,289
GITUMBI,551
MWEA EAST,437
MURINDUKO,236
MURINDUKO,350
KAMUNYANGE,347
MIUU,317
MUGAMBACIURA,370
RIAGICHERU,289
RIAGICHERU/NGUCWI,289
SOUTH NGIRIAMA,117
IKURUNGU,107
ITANGI,166
KARIMA DAWA,90
MWEA CENTRAL,698
GATHIGIRIRI,420
MAHIGA-INI,420
NDINDIRUKU,402
KIUMBU,402
TEBERE,862
GATHIGIRIRI,656
KIARUKUNGU,"2,817"
MIKIMAINI,243
NDERWA,518
WANGURU,"3,802"
NYANGATI,607
KIRIMARA,364
KIRIMARA,364
KUTUS,671
KAMIIGUA,706
KANGU,453
KITHIRITI,818
NYANGATI,627
KIMBIMBI,584
MATHANGAUTA,702
MWEA WEST,438
MWEA WEST,359
CIAGINI,310
MARURUMO,259
NGANG'A,324
KINYAGA,481
KIUNGA,702
MUTHIGI,312
MAKUTANO,348
KIANDEGWA,708
KIRWARA,457
RUKANGA,214
MUTITHI,286
KIAMICIRI,828
KIANJOGU,202
WAMUMU,459
KIMURI,568
RURII,397
THIBA,595
KANGAI,530
KOMBOINI,566
MATHIGANI,479
KATHIGA,600
KARIKOINI,663
MBETI B,544
NGUKA,713
KARIRA,"1,095"
NYAIKUNGU,517
THIBA,559
KIRATINA,796
MBUI NJERU,351
MT. KENYA FOREST,
MT. KENYA FOREST,
MT. KENYA FOREST,
MT. KENYA FOREST,
MURANG'A,419
MURANG'A EAST,458
GATURI,373
GATHUKE-INI,554
GAITHERI,635
GATHUKEINI,467
GATURI,433
GEITWA,424
KAWERU,441
MUGEKA,349
GAKUYU,394
KIAMURI,299
NYAKIHAI,246
MWIRUA,201
NYAKIHAI,324
GIKINDU,270
GIKINDU,281
GAKUNJA,354
MATITHI,229
KAMBIRWA,393
GITUNGANO,368
MAREWA,450
MIRIRA,201
GIKUU,228
KAIRO,172
KIHARU,"1,052"
GIKANDU,452
GACHARU,414
GIKANDU,462
KIAWAMBEU,485
MUCHUNGUCHA,444
MBIRI,634
KIANGAGE,634
MUKUYU,"1,691"
NGOGUINI,"1,691"
NJOGUINI,"1,566"
GAITEGA,632
MARAGI,"1,347"
KAMBWE,"1,984"
MJINI,"2,491"
TOWNSHIP,"2,327"
KARURI,"2,327"
KIMATHI,191
KIGETU-INI,294
KIGONGO,294
KIMATHI,161
GITHURI,121
RURII,220
KANGEMA,463
KANYENYA - INI,390
GITHIGA,589
GATANG'ARA,638
GITHIGA,654
KIBUTHA,495
ICHICHI,249
ICHICHI,310
KARURA,241
NDUINI,199
KENYENYA-INI,515
GITUGU,542
KANYENYA-INI,550
NGOEINI,409
KIRURU,255
KARURUMO,224
KIRURI,281
MUGURU,601
GACHARAIGU,433
KIAMARA,433
MUNUNGA,413
NYAKAHURA,449
IYEGO,512
GIKUI,586
GITHUNGURI,520
KARIRAU,541
NJII - ITHATU,378
MUGURU,960
GAKIRA,"1,383"
KIANGUNYI,733
MARIMIRA,668
MURINGA - INI,622
IHIGA - INI,602
KANORERO,649
KIAIRATHE,609
RWATHIA,386
KIHOYA,400
KAYU,459
KIHOYA,537
NAYAGATUGU,237
RWATHIA,518
KENYANJERU,567
KIAWAMBOGO,385
RWATHIA,628
TUTHU,286
KANGURU,329
TUTHU,267
WANJERERE,267
MATHIOYA,523
GITUGI,479
GAKOE,312
KAMBARA,470
RUNYEKI,258
GITUGI,529
CHUI,572
GITUGI,510
KARUNG'E,601
KARUNG'E,666
MIHUTI,548
NGUTU,588
KAMACHARIA,595
GATHUNYA,572
KAMUNE,631
WAHUNDURA,497
KAMACHARIA,633
KAIRI,554
KAMACHARIA,698
THUITA,550
IRURI,519
THUITA,580
KIRU,583
KAGUMO - INI,595
KAGUMO - INI,586
KORA,604
KAIRO,470
KIAMBUTHIA,525
KAIRO,397
KIRU,742
KANJAMA,682
KIRIA - INI,848
NJUMBI,447
KIRITI,528
GACHARAGE - INI,461
GATUNGURU,595
MIORO,298
KAGONGO,306
KIAMUTURI,289
NJUMBI,627
GIKOE,599
NYAKIANGA,664
KAHURO,521
MUGOIRI,518
GATUNDU,485
GITARO,470
KARURU,502
GITHANGARA,473
KAGAA,462
MIRICHU,570
YAMUGWE,407
KIRIA,471
GATURI,516
KIRIA,459
NDUTUMI,453
MUGOIRI,669
GITIRI,679
KAHURO,765
MURIRANJA'S,574
MURARANDIA,497
GATUYA,599
GATUYA,620
KIANJOGU,572
KAGANDA,539
KAGANDA,524
THENGEINI,559
KIONJOINI,378
GATARA,330
GATHAITHI,438
MURARANDIA,535
KAHATIA,882
MATHARITE,397
MURARANDIA,508
THERI,499
WANGU,550
KAHUHIA,524
KIROGO,602
MUKANGU,424
GATHAMBA,456
GATHERU,409
GITUI,505
WANJENGI,642
GITIGE,596
WANJENGI,667
WEITHAGA,591
KAHUTI,567
KIANDERI,619
WANGU,590
MURANGA SOUTH,405
KIMORORI,459
KIMORORI,492
GATHUNGURURU,246
KAGAA,717
KIMORORI,732
KIMATHI,868
SABA SABA,950
WATHIANI,780
WEMPA,366
KANGANGU,147
WEMPA,"1,300"
MAKUYU,338
KAMAHUHA,464
KAMAHUHA,618
KAHARATI,551
IGANJO,337
KIAMBITI,348
MARANJAU,315
MIHANGO,923
KAMBITI,286
KARIA-INI,371
KIRIMIRI,179
KIRIMIRI,124
MUTITHI,284
MUTHI-INI,255
MAKUYU,515
GAKUNGU,490
MAKUYU,533
MIHANGO,577
MARAGWA,443
ICHAGAKI,372
GIKOMORA,691
ICHAGAKI,509
KIANJIRUINI,543
MUMBU,613
SAMAR,153
KARURUMO,572
GATHERA,606
IHUMBU,475
IREMBU,611
ITAAGA,679
KAHARO,521
MARAGUA RIDGE,242
KAMUIRU,319
MARAGUA RIDGE,202
NGINDA,734
GAKOIGO,444
MBUGWA,463
RURAGO,"1,549"
GATANGA,354
GATANGA,858
GATANGA,735
CHOMO,622
GATANGA,891
KIRWARA,823
KIGIO,856
GAKURARI,642
ITHANGARARI,936
KIGIO,"1,081"
KIRIA-INI,564
GATHANJI,681
KIRIA-INI,589
MUREKE,672
THARE,348
MUGUMOINI,"1,644"
MABANDA,"1,462"
MITHANDUKUINI,"1,892"
MUGUMOINI,"1,545"
ITHANGA,344
ITHANGA,362
GIATHANI-INI,257
KAGUKU,378
MIANYANI,465
NGELELYA,315
KWA MUKUNDI,254
MUGUMO,283
THUNGURURU,388
KARIARA,498
KARIARA,697
GATUNGURU,493
GATURA,"1,102"
KARAGIA,783
MBUGITI,416
KARANGI,502
KIMAKIA,372
MBUGITI,391
NGABUYA,452
GATAKA-INI,399
KIARUTARA,522
KIGANJO,397
MWAGU,491
KIGORO,519
KIGORO,520
GIACHUKI,517
KANUNGA,541
KIGORO,513
NDAKAINI,412
KIMANDI/WANYAGA,420
NDAKAINI,401
NDUNYU CHEGE,687
GITIRI,570
NDUNYU CHEGE,868
KIHUMBU-INI,785
KIHUMBU-INI,758
KAGONGO,829
KIHUMBU-INI,736
NYAGA,720
THUITA,752
KIUNYU,864
GITUAMBA,887
KIUNYU,853
RUGAITA,852
MUKARARA,750
GATIIGURU,786
MUKARARA,813
MUKURWE,666
NJAI-INI,745
MITUMBIRI/KAKUZI,161
KAKUZI,150
GITUAMBA,277
KINYANGI,76
MUKEU,78
BARAKA,161
KIMUMU,22
NANGA,221
KANDIMU,127
NGINYI,953
THUTHUA,440
GATWIKIRA,336
TALA,537
SAMURU,139
MUTHURI,127
BAHATI/KIAMA,94
GATHAMBARA,145
SAMURU,155
GOLF VIEW,314
MWITINGIRI,29
KIGUMO,561
KAHUMBU,595
KAHUMBU,631
KAHARIRO,580
GITHEMBE,665
GIATHANI,628
MUGUMO-INI,665
GAKUYU,566
NDONGA,709
KANDAANI,525
KANDANI,525
KANGARI,553
KANGARI,650
KANGARI,798
MAIRI,471
MAKOMBOKI,450
KANDERENDU,412
MAKOMBOKI,487
MARIIRA,580
MARIIRA,580
KIGUMO,680
GACHOCHO,611
GACHOCHO,642
GATUMBI,568
GITHIMA,679
GITHIMA,705
GATUNE,649
KIGUMO,744
IRIGU-INI,744
KIRERE,722
KIRERE,856
MARUMI,552
MUTUNGURU,725
MUTHITHI,680
GIKARANGU,565
GIKARANGU,611
KANGURUMO,521
WAMAHIGA,591
MUNGUINI,874
MUNGUINI,919
NJORA,817
MUTHITHI,825
KIAHITI,800
MUTHITHI,851
KINYONA,387
GACHARAGE,345
GACHARAGE,362
MUNUNGA,335
KAMUKABI,497
GIKOE,445
KAMUKABI,527
KINYONA,354
KIRINGA,379
KINYONA,338
KANDARA,746
GITHUMU,581
GITHUMU,545
GITHUMU,588
GITURU,454
KIBAGE,594
GACHARAGE,741
KARIUA,573
MUTHERU,495
MUNG'ARIA,629
MUNG'ARIA,629
KAGUNDU-INI,801
GAICHANJIRU,702
GAICHANJIRU,918
KAGUMO-INI,611
KAGUNDU-INI,932
GITHUNGURI,712
GITURA,"1,404"
KAGUNDU-INI,838
KABATI,"1,102"
KARITI,632
NGURWE-INI,627
KAGIRI,531
MARIA-INI,547
NGURWE-INI,767
KANDARA,827
ITHIRU,767
GAKARARA,941
GAKUI/KARIMAMWARO,624
GITHUYA,631
KAGUTHI,761
KIIRI,959
MURUKA,802
GATITU,608
KIRANGA,754
MURUKA,"1,007"
NGUTHURU,776
NG'ARARIA,967
KAWENDO,858
NAARO,842
NGARARIA,"1,297"
ABERDARE FOREST,
ABERDARE FOREST,
ABERDARE FOREST,
ABERDARE FOREST,
KIAMBU,952
GATUNDU NORTH,384
CHANIA,606
GITUAMBA,480
GITUAMBA,568
KIRIKO,551
MARIA-INI,351
MATAARA,429
KAIRI,705
KAIRI,673
MUIRIGO,933
NGORONGO,590
MAKWA,801
MAKWA,917
NG'ETHU,615
NGUNA,838
MANGU,323
GAKOE,97
GAKOE,614
KIENI,12
NDIKO,473
GATHAITE,686
GATEI,631
GATHAITE,482
KAMWANGI,"1,046"
KANYONI,639
MWIMUTO,440
GITHOBOKONI,125
GACHEGE,547
KAMUNYAKA,37
NJAHI,441
KARURE,941
IGEGANIA,"1,176"
KARURE,895
NYAMANGARA,791
MANGU,"1,035"
GATUKUYU,"1,805"
MANGU,977
MITERO,832
MUKURWE,564
GATUNDU SOUTH,631
KIAMWANGI,736
KIAMWANGI,726
GATHAGE,808
KAREMBU,693
KIAMWANGI,793
THAARA,458
MUTATI,745
KIGAA,675
KIGONGO,757
MUTATI,805
NEMBU,745
KIGANJO,506
KIAMWORIA,578
GACHIKA,520
GITARE,612
KIAMWORIA,601
KIGANJO,529
GATITU,489
KIAWANDIGA,423
KIGANJO,640
MUNDORO,452
GATHIRU,351
KABUTETI,477
MUNDORO,603
NDUNDU,422
NDARUGU,463
MUNYU-INI,437
GACHARAGE,435
MUNYU-INI,434
ROI,465
NDARAGU,424
KARATU,412
KIRANGI,401
MUTUNGURU,410
RUBURI,495
RWABURA,543
GITWE,589
KARINGA,544
KIGAA KIBIRU,501
NGENDA,839
ITURU,642
GITHUYA,607
ITURU,752
RITHO,552
WAMWANGI,729
KIMUNYU,836
KAHUGUINI,680
KIMUNYU,"1,071"
MUTOMO,824
NGENDA,"1,153"
GITHUNGUCHU,"1,237"
HANDEGE,627
KIRANGARI,"1,937"
GITHUNGURI,948
GITHUNGURI,"1,099"
GITHUNGURI,"1,181"
GITHUNGURI,"1,147"
KANJAI,"1,585"
KIAIRIA,911
NGEWA,974
GIATHIEKO,958
KIMATHI,739
NYAGA,"1,222"
IKINU,984
GITHIGA,851
GATHANGARI,608
GITHIGA,"1,213"
GITIHA,745
MATUGUTA,714
IKINU,"1,225"
IKINU,"1,533"
KIAIBABU,"1,400"
LIOKI,933
NGEMWA,"1,095"
KOMOTHAI,709
KIRATINA,741
GATHUGU,567
KIBICHOI,"1,000"
KIRATINA,757
KOMOTHAI,643
KIAMBURURU,682
MBARI YA IGI,546
THUITA,845
JUJA,880
JUJA,"1,393"
JUJA,"2,450"
KIAORA,"2,450"
MIRIMAINI,855
MIRIMAINI,855
KALIMONI,413
JUJA FARM,162
ATHI,78
JUJA FARM,301
KALIMONI,836
KALIMONI,380
MUIGAI INN,"3,462"
MURERA,"1,315"
MAGOMANO,"1,468"
MAGOMANO,"2,159"
NDURURUMO,518
MUGUTHA,713
MUGUTHA,713
MURERA,313
MURERA,"2,219"
TWIGA,43
THETA,"4,269"
THETA,"3,568"
THOME,"5,569"
WITEITHIE,805
KIAHURIA,205
KIAHURIA,274
TORA,137
KOMO,"1,320"
NYACABA,638
WITEITHIE,"4,182"
KABETE,"3,289"
KABETE,"3,289"
GATHIGA,"2,285"
GATHIGA,"2,884"
KARURA,"1,866"
GITARU,"3,902"
GITARU,"5,626"
KANYARIRI,"2,766"
KABETE,"3,302"
CHURA,"1,821"
LOWER KABETE,"4,116"
MUGUGA,"2,138"
KAHUHO,"1,426"
MUGUGA,"2,747"
NYATHUNA,"1,973"
KIRANGARI,"2,595"
NYATHUNA,"1,457"
UTHIRU,"10,142"
NDUMBU-INI,"9,735"
UTHIRU,"10,606"
WANGIGE,"4,020"
KIBICHIKU,"4,455"
RUKU,"3,262"
KIAMBAA,"2,595"
KIAMBAA,"1,636"
CIANDA,559
CIANDA,123
KASPAT,454
KAWAIDA,"5,177"
MILIMANI,772
KARURI,"4,134"
BANANA,"3,589"
KARURI,"3,572"
MUCHATHA,"6,229"
NJORO,"2,682"
KIAMBAA,"2,232"
GACHORUE,"3,751"
KIAMBAA,"1,951"
KIMUGA,"2,419"
NJIKU,"1,537"
WAGUTHU,"2,297"
GATHANGA,"3,333"
GICHI,"1,044"
KANUNGA,"1,305"
NGEGU,"4,041"
KIHARA,"5,946"
KARURA,"2,302"
KARURA,"2,726"
MAHINDI,"2,556"
WANGUNYU,"1,660"
KIHARA,"10,154"
GACHIE,"13,660"
KARIA,"4,882"
KIHARA,"8,017"
NGABUBU,"13,950"
RUAKA,"6,697"
GACHARAGE,"6,127"
NDENDERU,"4,343"
RUAKA,"11,436"
KIAMBU,"1,483"
MUNICIPALITY,"2,392"
KIAMBAA SETTLED AREA,"1,464"
KIAMBU TOWN,"5,769"
KIAMUMBI,"1,621"
THINDIGUA,"1,091"
KIRIGITI,"6,044"
KIRIGITI,"6,044"
NDUMBERI,"3,866"
KAHUHO,"4,554"
KARUNGA,"3,947"
NDUMBERI,"2,979"
RIABAI,"3,896"
KIHINGO,"3,591"
RIABAI,"4,760"
TINGANGA,550
KAGONGO,"1,301"
KAGONGO,"1,325"
RUNGU,"1,283"
KAMITI,254
ANMER,343
KAMITI,190
TINGANGA,"2,130"
NGAITA,"1,466"
TINGANGA,"3,172"
KAGONGO,"1,320"
KIKUYU,"1,082"
KARAI,480
KARAI,"1,408"
GIKAMBURA,"1,797"
KARAI,624
LUSSIGETTI,795
LUSSIGETTI,754
RENGUTI,875
NACHU,105
GATUNE,17
NACHU,305
KIKUYU,"1,338"
KERWA,693
KARI,153
KERWA,"1,122"
KIKUYU,"1,940"
KIKUYU TOWNSHIP,"1,676"
SIGONA,"2,470"
THOGOTO,"1,802"
GITIBA,696
THOGOTO,"3,259"
KINOO,"6,807"
KINOO,"6,807"
KINOO,"10,147"
MUTHIGA,"4,547"
LARI,313
GATAMAIYU,511
GACHOIRE,445
GACHOIRE,438
NDURIRI,456
GATAMAIYU,595
KAGWE,777
KAMAHINDU,444
KAGAA,429
IRIA-INI,403
KAGAA,441
KAMBURU,522
KAMBURU,658
MATIMBEI,449
NYAMUTHANGA,494
KAMUCHEGE,600
KAMUCHEGE,611
MURERA,586
NYANDUMA,499
KAREGE,432
KARIGUI-INI,475
NYANDUMA,587
KIJABE,465
BATHI,"1,204"
BATHI,829
KIMENDE,"2,231"
KAMBAA,534
GIKIRA,859
GITHOGOIYO,277
KAMBAA,"1,050"
KIJABE,174
GICHIENGO,541
KIJABE,131
MAGINA,"1,015"
GATHUMURI,990
MAGINA,"2,030"
MBAU-INI,511
KINALE,585
KAMAE,785
KAMAE,780
KIRASHA,790
KAMUKOMBIINI,792
KAMUKOMBIINI,834
THIRIRIKA,726
KINALE,452
KINALE,641
MUKEU,394
LARI/KIRENGA,388
ESCARPMENT,285
ESCARPMENT,288
IBONIA,282
GITHIRIONI,156
GITHIRIONI,145
NYAMWERU,176
GITITHIA,540
GITITHIA,589
LARE,217
NYAMBARI,"1,508"
GITUAMBA,626
GITUAMBA,590
MATHORE,669
KIRENGA,850
KIRENGA,967
MUKEU,708
LARI,409
LARI SCHEME,"1,035"
RUIRU,268
ABERDARE FOREST,-
ABERDARE FOREST,-
ABERDARE FOREST,-
LIMURU,559
LIMURU,"1,287"
BIBIRIONI,"1,218"
MURENGETI,"1,014"
NGARARIGA,"1,499"
LIMURU,"1,326"
KAMIRITHU,"2,179"
LIMURU TOWN,"4,918"
THARUNI,520
RIRONI,"1,355"
GATIMU,"1,039"
KIROE,561
RIRONI,"3,345"
NDEIYA,243
NDEIYA,252
MIRITHU,124
NDERU,712
NDIUNI,238
TIEKUNU,218
THIGIO,230
KIRIRI,97
THIGIO,695
TIGONI,586
KARAMBA-INI,316
KARAMBA-INI,219
KARAMBA-INI EAST,242
KIAWAROGA,417
MABROUKIE,"1,142"
KARANJEE,"4,178"
MABROUKIE,273
NGECHA,"1,452"
KABUKU,"2,028"
NGECHA,"1,225"
THINGATI,"1,436"
TIGONI,356
ITHANJI,266
MANJIRI,"1,022"
REDHILL,191
RUIRU,"1,846"
GITHURAI,"1,756"
GIKUMARI,366
GATONGrgOORA,"1,248"
GIKUMARI,44
GITHURAI,"7,964"
KIUU,"16,663"
MWIHOKO,"2,089"
MWIKI,"43,247"
KAHAWA-SUKARI,"7,227"
KAHAWA-SUKARI,"3,096"
KAHAWA-WENDANI,"24,123"
RUIRU,"2,119"
RUIRU,"2,119"
GITOTHUA,"1,449"
MUKUYU,90
RUIRU,"8,946"
THIKA EAST,354
NGOLIBA,342
KILIMAMBOGO,387
KILIMAMBOGO,279
MAGUGUNI,518
NGOLIBA,274
GATI-IGURU,202
NGOLIBA,427
THIKA EAST,363
GATUANYAGA,328
GATUANYAGA,328
MUNYU,442
MUNYU,442
THIKA WEST,"2,689"
KARIMINU,781
KARIBARIBI,239
KARIBARIBI,239
KARIMINU,76
KARIMINU,76
NGOINGWA,"2,791"
CHANIA,"3,993"
NGOINGWA,"1,799"
MAKONGENI,"3,527"
KAMENU,"2,466"
KAMENU,"2,466"
MAKONGENI,"6,076"
KIANJAU,"3,010"
KOMU,"9,750"
THIKA TOWNSHIP,"3,261"
BAHATI,"2,123"
KIMATHI,"2,843"
UMOJA,"1,617"
BIASHARA,"5,476"
STAREHE,"5,495"
TOWNSHIP,"5,449"
TURKANA,14
KIBISH,4
KAIKOR,5
KAIKOR,8
LOITANIT,5
LOKOLIO,12
NALITA,9
LORUTH,2
KARACH 2,66
KOTOME,1
LORUTH-ESEKON,1
KIBISH,2
KIBISH,1
KIBISH,1
LOKAMARINYANG,1
NAITA,24
NAITA,26
KOYASA,22
NATAPAR,3
KAITEDE,4
KARACH 1,2
NATAPAR,7
KOKURO,4
MEYAN,4
LIWAN,2
NAPEIKAR,8
LAPUR,6
KOKURO,6
KOKURO,5
SASAME,9
LOIMA,12
LOIMA,8
LOIMA,7
LOCHOR- EKUYEN,15
LOCHOR-EDOME,17
NAMORUPUTH,22
PUCH,2
LOKIRIAMA,10
ATA-LOKAMUSIO,7
LOKIRIAMA,12
LORENGIPPI,12
KAEMANIK,12
LODWAY,7
LORENGIPPI,24
LOYA,5
NAKURIO,22
URUM,9
LOCHOR-ALOMALA,7
NAKWAPUA,19
URUM,8
TURKWEL,14
KOTARUK,8
KOTARUK,4
NAIPA,12
LOBEI,11
LOBEI,11
LOKIPETOT ARENGAN,14
KAKALEL,15
LOKIPETOT ARENGAN,14
LOMEYAN,9
KAAPUS,12
LOMEYAN,9
NACHURO,6
LORUGUM,15
KALEMUNYANG,21
LORUGUM,11
NADAPAL,27
KAWALATHE,12
NADAPAL,60
NAPEIKAR,35
TIYA,18
NAPEILILIM,11
NAPEILILIM,15
NASIGER,7
TURKWEL,38
TURKWEL,38
TURKANA CENTRAL,29
CENTRAL,83
KANAMKEMER,78
KANAMKEMER,320
LOTUREREI,10
NAWOITORONG,45
LODWAR,57
LODWAR TOWNSHIP,50
NAPETET,68
NAKWAMEKWI,778
NAKWAMEKWI,778
KALOKOL,20
KALOKOL,30
KALOKOL,60
NAMADAK,10
KANGATOTHA,21
ILLE,15
LOMOPUS,20
NAOROS,37
KAPUA,6
KAPUA,6
NAMUKUSE,28
LOCHORAIKENY,12
NAMUKUSE,112
KERIO,14
KANGIRISAI,12
KANGIRISAI,11
NAKORET,14
KERIO,22
KERIO,23
NADOTO,142
NAKURIO,12
LORENGELUP,6
KAKIMAT,5
KANGAGETEI,10
LORENGELUP,7
TURKANA EAST,12
LOKORI,15
KATILIA,8
ELELEA,8
KATILIA,16
NGILUKIA,1
PARKATI,-
KOCHODIN,22
KOCHODIN,31
LOPII,16
LOCHAKULA,12
LOKWAMOSING,46
LOCHAKULA,6
KAKULIT,3
LOKORI,44
KANGITIT,83
LOKORI,15
LOTUBAE,139
LOMELO,7
KAMUGE,5
KAMUGE,5
NAPEITOM,2
NAPEITOM,2
LOMELO,5
LOMELO,7
KATIR,3
KAPEDO,13
KAPEDO/PATIPAT,23
SILALE,9
NADOME,10
EKIPOR/NASOROT,17
NADOME/NAKUPUT,3
TURKANA NORTH,9
KAALENG,6
KAERIS,6
KAERIS,8
KANAKURUDIO,6
KANGAKIPIR,13
NADUNGA,3
YAPAKUNO,5
KAALEM,8
KAALENG,11
KAKELAE,7
MILIMATATU,3
KATABOI,16
KATABOI,16
KATABOI,21
KATIKO,22
LOMEKWI,8
LAPUR,19
NGISSIGER,39
KANAMKUNY,56
LOWARENGAK,33
TODONYANG,5
TODONYANG,5
LOKITAUNG,14
KAREBUR,9
KAREBUR,9
NABULUKOOK,11
LOKITAUNG,18
KACHODA,13
NAKALALE,29
NATOO,14
NGISSIGER,21
NACHUKUI,21
RIOKOMOR,10
KOKISELEI,9
RIOKOMOR,11
TURKANA SOUTH,22
KAINUK,17
KAINUK,12
KAINUK,42
KAKONGU,3
LOYAPAT,20
KAPUTIR,38
KALOMWAE,30
LOROGON,22
NAKWAMORU,47
KATILU,53
KATILU,53
KALEMNGOROK,33
KANAODON,52
KATILU,59
LOKAPEL,96
LOKICHAR,17
KALAPATA,21
KALAPATA,15
LOPEROT,13
NAKAALEI,43
LOCHWAA,7
LOCHWAA,8
NAPUSIMORU,6
LOKICHAR,36
KAPESE,22
LOKICHAR,73
TURKANA WEST,14
KAKUMA,34
KAKUMA,150
LOPUR,322
MORUNGOLE,80
NADAPAL,290
TARACH,9
NAKALALE,7
KOBUIN,9
LOSAJAIT,3
NAKALALE,11
PELEKECH,9
LOKORE,8
LOPUSIKI,14
NAMON,5
LOKICHOGGIO,10
LOKICHOGGIO,194
LOKARIWON,418
LOKICHOGGIO,139
LOTETELEIT,2
LOREMIET,1
LOTETELEIT,13
SONGOT,14
LOKUDULE,5
LOPWARIN,20
SONGOT,33
NANAM,4
LORAU,6
LOKANGAE,11
LOTIKIPI,2
NANAM,2
LOMEYAN,1
NANAM,5
MOGILA,11
LOPIDING,"1,243"
MOGILA,6
OROPOI,13
KALOBEYEI,21
KALOBEYEI,56
LONYUDUK,6
NALAPATUI,4
NATIRA,9
OROPOI,8
SONGOT,11
LETEA,10
LOITO,11
LORITIT,12
TULABALANY,5
LOKIPOTO,12
KATELEMOT,7
LOKIPOTO,19
LORENG,3
LORENG,3
NAMORKIRIONOK,2
WEST POKOT,68
KIPKOMO,134
BATEI,168
BATEI,333
CHIPAGH,335
KERELWA,281
ORTUM,389
CHEPKORIONG,151
CHEPKORIONG,117
KAPKAREMBA,154
PSAMAR,177
PUSOL,157
MORPUS,113
CHEPTYA,106
MORPUS,131
SAMOR,95
PARUA,188
KOCHIY,125
PARUA,234
SEBIT,163
TOROKIT,243
SOBUKWO,61
KAPKEPOT,63
SOBUKWO,59
CHEPARERIA,218
KIPKOMO,330
CHEPARERIA,590
KOSULOL,521
TAMPALAL,150
TOLKAGHIN,221
SENETWO,146
CHEPTUNGUNY,108
KORELLACH,107
SENETWO,233
SLA,202
YWALATEKE,207
KAPCHEMOGEN,172
MONGORION,174
PROPOI,309
YWALATEKE,268
CHEPKOPEGH,66
CHEPKOPEGH,64
CHEPKOPEGH,72
CHEPTIANGWA,98
CHEPUKAT,43
KAPSEKERO,49
PSERUM,88
CHESRA,54
KAPSIMATIA,80
PLELAKAN,114
PSERUM,102
TACHIT,90
SHALPOGH,51
CHEMOTONG,30
PUSIAN,69
SHALPOGH,49
TIRKEN,67
POKOT CENTRAL,58
CHESEGON,58
CHEPKOKOGH,212
ANNET,208
PTIRAP,232
SUKUK,200
CHEPTULEL,57
KOKWOSITOT,75
LEBEI,129
NYORPOTWO,33
LOMUT,107
MOGHO,166
PTIASIS,90
SEITO,96
TOGHOMO,138
MOSOP,157
KAPATET,118
KOKWOPTORIR,234
MAROS,183
PKOPOGH,196
SEKERROT,19
AMALER,11
CHEPSERUM,24
NYANGAITA,26
SIGOR,58
KOPRO,125
KOKWOTENDWO,279
SOKA,33
WAKOR,94
YA-YAW,216
MASOL,18
AKIRIAMET,13
AMOLEM,11
TIKIT,31
MUINO,155
KARAPOGH,267
KITOYO,183
PTALAM,157
SOLION,111
PORKOYU,26
NASOLOT,34
PAREK,24
SARMACH,22
SEKERR,79
CHEPKONDOL,142
MBARA,187
ORWA,32
SOSTIN,80
WEI-WEI,76
KORELLACH,69
PTOKOU,70
SANGAT,166
TAKAR,61
POKOT NORTH,34
ALALE,25
AKORET,3
KODII,76
KOLA,1
AKORET,5
MUNYAN,5
ALALE,64
ALALE,48
AMAKURIAT,90
KAMUNAI,24
KASITOT,70
NARUORO,102
KALAPATA,11
KALAPATA,37
LOTUKUM,4
MEKUYO,17
LOKITANYALA,83
KAKWES,141
LOKITANYALA,74
NAUYAPONG,15
SASAK,195
CHEMORONGIT,6
APUKE,3
LORSUK,24
KOPITO,8
KACHELIBA,71
CHERANGAN,82
CHERANGAN,137
KATOPOTEN,37
NAKWIJIT,82
KODICH,49
CHEMATUCHOR,44
KARAMERI,46
KODICH,44
KRUMTI,64
KOPULIO,61
KANYERUS,44
KOPULIO,63
NAKUYEN,68
LOKICHAR,75
KALEMGOROK,69
LOKICHAR,68
OROLWO,96
SUAM,106
ASILONG,93
KACHELIBA,179
KARON,117
NGENGECHWO,57
KASEI,30
KAPTOLOMWO,22
KAMUNONO,64
KAPTOLOMWO,11
KOUR,29
OMPLION,20
KASEI,58
KAMKETO,36
KASEI,58
KORKOU,115
KORPU,21
CHEPKONDOL,32
KACHAWA,21
KORPU,25
SIRWACH,24
SONGOK,12
KIWAWA,25
CHELOPOY,41
CHELOPOY,54
KATUDA,71
KAURIONG,32
SINCHOLOL,52
WASAT,19
KASES,24
KASES,24
MELEE,20
PCHOLIO,46
KIWAWA,38
KATUMKALE,28
KIWAWA,40
NATEMERI,49
LOPET,12
CHEPROPOGH,21
LOPET,5
MBARU,38
NGASWA,35
KONYAO,30
KAPCHOK,40
KAMENCHWA,22
KONYAO,83
KOPEYON,13
NAPITIRO,23
LOSAM,23
KAPIYEN,17
KODULEM,28
LEYO,31
LOSAM,21
POKOT SOUTH,150
KAPTABUK,161
KAPTABUK,140
CHEPARTEN,153
KAPSANGAR,127
KAPTABUK,172
PLALANG,114
PSUKUNO,148
SARAMEE,109
MOKOYON,208
KAPKUNYUK,189
MESHAU,201
MOKOYON,226
LELAN,165
KAALOTWARI,211
KAALOTWARI,199
MANIAN,214
SIMOTWO,216
KAPYONGEN,241
CHEPKONO,185
KSAI,306
TONOYON,233
LELAN,128
CHESUPET,102
CHOROK,153
KABICHBICH,259
KAPKANYAR,139
KAPSAIT,80
MBAYAI,169
TAPACH,178
CHEBON,196
CHEBON,226
PTOP,194
SINA,175
TANGASIA,187
TELO,240
PARAYON,191
KACHERIAN,183
KALE,196
NYARPAT,196
SONDANY,196
CHONGIS,153
NYARKULIAN,228
TAPACH,144
KAMELEI,163
KAPUSIEN,144
KOKWOPSIS,133
SOPOWEN,165
TAPACH,127
CHERANGANY FOREST,1
CHERANGANY FOREST,1
CHERANGANY FOREST,1
WEST POKOT,99
ENDUGH,39
CHEWARANY,50
CHEWARANY,50
ENDUGH,89
CHEPTRAM,97
KRIICH,83
KASITEI,19
CHEPOKACHIM,23
KASITEI,18
NAKWIJIT,26
MERUR,25
NAKWIJIT,43
RUKEY,24
TAMARUKWO,16
TUNOYO,29
PTOYO,45
KESOT,24
KETIAM,116
PTOYO,67
KANYARKWAT,62
KACHEMUKOT,75
KRESWO,75
KANYARKWAT,60
ADURKOIT,69
KAKORURON,53
KANYARKWAT,63
KATIKOMOR,57
KAPENGURIA,493
KAIBOS,399
KAIBOS,390
KAPKATET,359
KIPKORINYA,442
KAISAKAT,290
KAPCHILLA,287
PARAYWA,146
SIYOI,362
KAPENGURIA,857
CHEWOYET,"1,008"
KAMATIRA,351
MWOTOT,"1,656"
TALAU,455
CHEPKOTI,577
KAPSURUM,507
TALAU,225
KONGELAI,70
KITELAKAPEL,53
CHELOKOKETWO,40
KITELAKAPEL,69
POOLE,38
KONGELAI,74
SIMATWA,74
RIWO,101
KONGELAI,119
LOKUYII,65
SEREWO,69
CHEPKRAM,80
KAMAYECH,95
MTEMBUR,44
SEREWO,101
MISKWONY,41
EMBOASIS,42
EMBOASIS,42
KALEMNYANG,60
CHESIRA,64
KALEMNYANG,56
MISKWONY,36
CHEMAKEU,46
LOKNA,36
MISKWONY,24
MNAGEI,257
CHEMWOCHOI,73
CHEPKECHIR,51
KOMOL,114
NGOLEYO,81
NARAMAN,58
KAPKORIS,413
CHEMWOCHOI,628
KAPROM,219
TILAK,566
KERINGET,114
CHEPTUYA,149
LOKORNOI,71
MORTOME,76
KISHAUNET,368
KISHAUNET,263
LITYEI,719
SUKUT,240
MNAGEI,395
KERINGET,356
PSIGIRIO,452
TARTAR,351
SOOK,97
CHEKOMOS,72
CHEKOMOS,70
KOCHAR,44
PSAPAI,77
SIMAT,126
TOMPUL,99
SOOK,144
CHEPNYAL,171
MUNGIT,94
TINDAR,235
TAMUGH,96
KOLO,111
LETWA,72
TAMUGH,110
SAMBURU,15
SAMBURU CENTRAL,45
KIRISIA,50
BARSALOI,13
BARSALOI,10
LULU,22
SOIT NAIBOR,11
LBUKOI,8
LBUKOI,6
MORU,10
MARALAL,217
LEDERO,67
LKUROTO,143
LPARTUK,108
MARALAL,727
MILIMANI,222
NGARI,114
SHABAA,458
OPIROI,25
LORROK-LOLMONGO,38
MABATI,15
OPIROI,29
SIRATA OIROBI,85
LEMISIGIYOI,89
NGENJUEMUNY,67
SIRATA OIROBI,104
LORROKI,46
AMAYA,41
LONGEWAN,39
AMAIYA/MUKEKAMAR,46
NASUR,39
BAAWA,67
BAAWA,104
LKILORITI,74
NAUNERI,48
KIRIMON,46
GARMA,49
KIRIMON,57
MUGUR,36
KISIMA,79
LAANGATOLIA,104
LMISIGIYIOI,39
MBARINGON,119
LODOKEJEK,29
LODOKEJEK,64
NONKEEK,9
SUGUTA MARMAR,45
LOGORATE,50
LOLMOLOK,35
SUGUTA MARMAR,67
MALASO,35
ANGATA NANYOKIE,45
ANGATA NANYOKIE,94
LOIBASHAI,30
MORIJO,43
PORO,27
LPOROKWAI/MALASO,105
MUGUR,83
SEKETET,65
SIAMBU,9
LOOSUK,37
LOOSUK,60
MALASO,71
PURA,25
TINGA,31
SAMBURU EAST,8
SEREOLIPI,3
NDONYO WASIN,4
NDONYO WASIN,4
SEREOLIPI,2
SEREOLIPI,2
WAMBA,13
KOITING,7
KOITING,5
LPASHIE,39
LODUNGOKWE,12
LENGEI,15
LPUSS,9
LTIRIMIN,24
SESIA,10
NAIRIMIRIMO,10
LMARMARIO,15
LOROK ONYOKIEA,7
RARAITI,9
SUARI,12
NGILAI CENTRAL,14
NGILAI CENTRAL,14
NGILAI WEST,14
GOLGOTIM,11
LKISIN,20
NKARE NAROK,6
NKARE NAROK,6
NKARONI,12
NKARONI,12
RESIM,16
SILANGO NANYEKIE,10
WAMBA,151
MATAKWANI,63
WAMBA,535
WASO,5
WASO EAST,3
ARCHERS POST,29
LARESORO,45
LOSESIA,
WASO WEST,11
LENGUSAKA,7
LERATA,5
LPUS LELUAI,15
NGUTUK ONGIRON,19
REMOT,11
SAMBURU NORTH,9
BARAGOI,10
BARAGOI,10
BARAGOI,8
BENDERA,265
NALINGANGOR,9
EL-BARTA,19
MASIKITA,11
NGILAI,38
LATAKWENY,10
LATAKWENY,10
LOIKUMKUM,9
MARTI,2
KALELE,11
LOKORKOR,2
MORUAKIRING,1
NACHOLA,85
NACHOLA,157
NAKUPURAT,41
TERTER,225
NDOTO,12
LESIRIKAN,9
LOODUA,36
SEREN,6
SUYAN,4
MARTI,6
SUYAN,3
NYIRO,9
ARSIM,7
ARSIM,7
ILLAUT,14
NGURUNIT,3
KAWOP,5
LONYANGATEN,120
LOSURKOI,1
NAKWEEI,207
PARKATI,4
PARKATI,36
LKAYO,1
SOUTH HORR,31
LOONJORIN,16
SOUTH HORR,47
TUUM,11
EJUK,8
TUUM,14
WASO RONGAI,14
LKOTIKAL,14
SIMALE,7
WASO RONGAI,40
TRANS NZOIA,397
TRANS NZOIA WEST,569
SABOTI,427
SABOTI,498
SABOTI,498
KIBOROA,284
KIBOROA,284
MACHEWA,533
MACHEWA,533
KINYORO,359
KISAWAI,213
TELDET,213
KINYORO,515
KINYORO,432
KIPYOYWAN,587
CENTRAL,"1,409"
TUWAN,"20,709"
TUWAN,"20,709"
MUNICIPALITY,"3,076"
KIPSONGOK,"2,242"
BONDENI,"3,739"
GRASSLAND,291
GRASSLAND,291
MATISI,"1,230"
MATISI,"1,841"
RAFIKI,526
TRANS NZOIA EAST,365
KAPLAMAI,412
KAPLAMAI,471
KARARA,536
KIMOSON,435
MOTOSIET,454
MOTOSIET,454
MAKUTANO,267
KAPSARA,207
BIRBIRIET,384
KAPOLET,241
MICHAI,384
MICHAI,339
MAKINDU,435
SITATUNGA,494
SITATUNGA,494
SINYERERE,474
SINYERERE,475
KIPSAINA,472
CHERANGANY,311
CHERANGANY,334
KACHIBORA,468
NZOIA,253
CHEPSIRO,298
KIBUSWA,272
KAPSIGILAI,339
SUWERWA,292
KAPTERIT,312
KAPTUMBO,321
KAPKARWA,235
MILIMANI,284
MILIMANI,239
KIPTOI,395
KIPTOROR,352
TOP SUWERWA,372
GETA,339
KWANZA,438
KWANZA,438
KWANZA,457
KWANZA,485
KEIYO,407
KAPSITWET,461
KAPSITWET,261
LIYAVO,763
KAPOMBOI,305
KAPOMBOI,252
KAPKOI,286
KOLONGOLO,379
KOBOS,338
BIDII,"1,129"
BIDII,"1,129"
KAISAGAT,331
KAISAGAT,234
AMUKA,347
KARAUS,610
NAMANJALALA,"1,618"
NAMANJALALA,"1,618"
ENDEBESS,165
ENDEBESS,165
ENDEBESS,124
ENDEBESS,153
CHORLIM,107
KAIBEI,261
MATUMBEI,232
MUBERE,300
CHEPCHOINA,145
KAPTEGA,75
KIPTOGOT,182
TWIGA,391
KIMININI,662
KIMININI,620
SIKHENDU,531
SIKHENDU,531
BARATON,604
BARATON,604
MATUNDA,731
MATUNDA,731
WEONIA,574
WEONIA,574
KIMININI,671
KIMININI,918
NABISWA,510
WAITALUK,709
MABONDE,652
MABONDE,652
WAITALUK,454
KAPKOI SISAL,454
SIRENDE,737
SIRENDE,737
KIBOMET,"1,101"
NAISAMBU,"1,101"
MILIMANI,"1,221"
MILIMANI,"1,221"
UASIN GISHU,342
AINABKOI,286
AINABKOI,303
AINABKOI,121
KAPSENGWET,121
NDANAI,120
CHEPKERO,240
CHEPKERO,158
KAPSUNDEI,371
CHEPNGOROR,250
CHEPNGOROR,176
KOILUGET,358
TINGWA,195
KAPNGETUNY,101
KAPNGETUNY,111
SILIBOI,87
KAPSOYA,"1,236"
KAPSOYA,"1,236"
KAPTAGAT,231
LOTONYOK,297
TENDWO,168
KIPKABUS,173
KAPLELACH,187
SONGICH,145
TILOL,175
KIPSINENDE,190
CHEPTIGIT,297
KIPSINENDE,129
KONGASIS,173
OLARE,290
BURNT FOREST,592
KAPKENO,227
PLATEAU,249
CHEPKONGONY,300
CHESOGOR,181
AINABKOI FOREST,2
AINABKOI FOREST,2
AINABKOI FOREST,2
KAPSERET,663
KAPSERET,663
KAPSERET,285
CHEPKATET,261
LEMOOK,314
NGERIA,232
KABONGO,269
KAPLELACH,193
PIONEER,"2,815"
LANGAS,"2,815"
SIMAT,392
SIMAT,392
KESSES,199
KESSES,288
CHEPTIRET,316
CHEPTIRET,310
MUGUNDOI,324
CHUIYAT,268
KOISAGAT,268
KAPKOI,159
EMKWEN,140
KAPTUMO,182
KESSES,328
KESSES,328
KIPCHAMO,349
LENGUT,169
SAROIYOT,457
MEGUN,195
MEGUN,175
NDUBENETI,175
SONGOLIET,254
OLLEINGUSE,379
LAINGUSE,379
TARAKWA,243
LINGWAI,248
TARAKWA,240
TIMBOROA,437
CHEGAIYA,454
KIPKURERE,419
TULWET,232
TULWET,232
LORENGE FOREST,
LORENGE FOREST,
LORENGE FOREST,
MOIBEN,236
MOIBEN,236
CHEPKOILEL,"3,192"
KIMUMU,"2,089"
SIGOT,"4,463"
KAPLOLO,195
CHEPLASKEI,138
USWO,202
KAPLOLO,301
KARUNA,106
KAPSUBERE,88
SOSIO,116
KIMONING,195
CHEBURBUR,296
KAMAUA,182
KIMONING,137
KOITOROR,201
KAPTUKTUK,249
TUIYOLUK,167
MEIBEKI,116
KAPSILIOT,124
MEIBEKI,113
MOIBEN,143
MOIBEN,135
TOLOITA,155
MUMETET,198
MEREWET,228
TOROCHMOI,173
SERGOIT,141
CHEPKOILEL,133
KELJI,119
SERGOIT,183
TEMBELIO,239
ELGEYO BORDER,257
KAPKEI,206
SOY,343
SOY,343
BARSOMBE,321
BARSOMBE,321
KAPSANG,179
KAPSANG,179
KIBULGENY,"1,232"
KAMUKUNJI,"1,232"
KIPSOMBA,211
KIPSOMBA,175
MOBET,307
KOISAGAT,226
KOISAGAT,275
LOLKINYEI,204
KONGASIS,151
KONGASIS,151
KUINET,353
KUINET,353
MATUNDA,645
KAPKURES,568
MATUNDA,749
MOI'S BRIDGE,601
JABALI,449
MOI'S BRIDGE,783
SEGERO,355
KAPNGETUNY,447
SEGERO,298
SIRIKWA,298
LEGEBET,385
SIRIKWA,255
SOY,332
SINONIN,212
SOY,432
ZIWA,348
KEROTET,335
ZIWA,364
TURBO,620
TURBO,620
CHEPSAITA,417
CHEPSAITA,417
KAMAGUT,548
SAMBUT,548
KAPTEBEE,328
KAPTEBEE,328
KAPYEMIT,"4,901"
HURUMA,"8,728"
KAPSAOS,"3,263"
KIBULGENY,"3,616"
KILIMANI,"3,616"
KIPLOMBE,253
KIPLOMBE,253
LESERU,334
CHEMALAL,388
LESERU,294
NGENYILEL,406
MURGUSI,377
OSORONGAI,420
SOSIANI,202
SOSIANI,202
SUGOI,303
KAPKONG,265
KOSACHEI,357
TAPSAGOI,387
TAPSAGOI,292
TURBO,541
ELGEYO/MARAKWET,150
KEIYO NORTH,183
KAMARINY,266
CHEBAROR,465
CHEBOKOKWA,432
KAPKESSUM,255
MINDILILWO,838
IRONG,711
ITEN TOWNSHIP,"2,040"
KATALEL,398
KIPTABUS,542
KAMOGICH,104
ANIN,82
KESSUP,200
RIMOI,97
SIROCH,69
SERGOIT,309
CHESITEK,411
KAPLAMAI,288
SERGOIT,259
KAPCHEMUTWA,110
KAMOI,217
KAPKONGA,213
SINGORE,224
KAPCHEMUTWA,137
BUGAR,601
KAPKATUI,252
KENDUR,69
KORKITONY,81
KEU,40
CHEGILET,42
CHEPTARIT,44
KABULWO,89
KAMOINGON,14
KOKWAO,231
EMSOO,223
KAPCHELAL,197
KAPTUM,308
KIBENDO,177
NYALIL,345
TAMBACH,199
KIPTUILONG,132
KAPTERIK,159
KIPKA,125
SETEK,114
MUTEI,296
CHELINGWA,295
KAPKOI,371
KAPTEREN,213
KIPSOEN,358
KEIYO SOUTH,134
CHEPKORIO,169
KABIEMIT,134
CHEBOEN,139
KABIEMIT,150
KAPCHEBELEL,101
KAPKOMA,180
KAPTARAKWA,110
KAPTAGAT,42
KAPTARAKWA,287
MOKWO,185
KITANY,149
CHEBIOR,85
KITANY,330
MARICHOR,218
CHEPKORIO,191
CHEROTA,364
FLAX,143
KAMELIL,430
LELBOINET,311
SAMICH,264
MOSOP,123
KAPKENDA,338
KIPTULOS,41
NYARU,328
KAPCHEPTEK,272
KIPSAINA,457
MWEN,500
METKEI,180
KAMWOSOR,284
KAMWOSOR,435
KAPCHORWA,249
KIMAMET,314
KIPTENGWER,148
KOMBATICH,259
KAPKWONI,264
CHEBOGE,232
KIPSAOS,300
KOCHOLWO,121
ENEGO,111
KAPKOSOM,101
KOCHOLWO,97
MOLOL,180
SALAWA,206
MAOI,203
KAPKITONY,312
KETIGOI,146
KIPKOMWO,174
METKEI,181
KABRIRSUS,145
TUGUMOI,229
TUMEIYO,189
CHEPKOSOM,258
CHEPKURMUM,140
TAMBUL,189
TUMEIYO,211
SOY,85
CHEMOIBON,56
CHEPSIREI,43
KOIMUR,42
TUMEIYO,82
CHEPSIGOT,146
CHEBINYINY,87
KABITO,244
EPKE,85
CHEPSIGOT,80
EPKE,102
KIBARGOI,83
CHANGACH,94
CHEPTEBO,82
EMSEA,83
ROKOCHO,76
SOY,101
CHOP,145
KAPSOGOM,60
MOROP,92
MUSKUT,61
SEGO,121
TURESIA,211
MARAKWET EAST,114
CHESONGOCH,135
CHEMWONYO,156
KOMBASES,98
LUKUGET,256
KIBAIMWA,202
CHESETAN,78
CHUGOR,686
RATIA,758
KIPTUMBUR,119
KIPYEBO,81
KUMBULUL,266
MON,85
KAPTORA,107
MOGIL,75
MURKUTWO,139
ENOU,198
KISOKA,134
MACHAMBER,233
MURUBER,52
ROCHO,165
KAPYEGO,261
KAPTICH,296
CHEPTOBOT,300
KAMASIA,336
SEGUT,271
KAPYEGO,232
KAPYEGO,358
KESSOM,493
TENDERWA,153
KARARIA,290
KARARIA,290
TIRAP,313
EMBOBUT,312
ENDUL,370
MARON,257
EMBOLOT,237
KAITAMOI,290
KOROU,227
MUMOL,212
KIPCHUMWA,234
WEWO,350
KIPCHUMWA,183
KIPKANER,357
CHESIYO,255
KIMUREN,399
TUTURUNG,476
KOIBATEK,346
MAINA,283
METIPSOO,285
NYIRAR,485
SAMBIRIR,486
CHEMWOROR,583
CHESOI,471
KAPKUTO,457
KAPSICHA,454
TOT,145
ENDO,182
BARKELAT,136
KOWOW,258
KABEN,264
KABEN,249
MARICH,281
KETUT,61
KAPKONDOT,36
KETUT,89
KIBIRIEM,155
SAGAT,295
SIBOW,157
TIRKIYOW,108
KOIBIRIR,147
KASEMOI,100
KIMAUS,211
KISIWEI,237
MOKORO,87
KAKIPTUL,50
OLOT,197
TALAI,189
TALAI,189
CHERENGANY FOREST,1
CHERENGANI FOREST,1
CHERENGANI FOREST,1
MARAKWET WEST,186
CHEBIEMIT,197
CHEBIEMIT,201
CHEBIEMIT,255
NERKWO,156
KUSERWO,205
CHEPTONGEI,219
CHEPTULON,194
JEMUNADA,192
KIMNAI,203
YEMIT,220
MOIBEN,170
KILIMA,182
SIMBEIYWET,140
CHEBORORWA,222
CHEBORORWA,189
BUSIESO,115
KABELIO,352
CHERENGANY,224
KOITUGUM,170
TENDEN,308
KAPTIONY,298
CHEPKAWAI,234
KAMANIN,313
KAPTIONY,333
KONDABILET,189
KAPCHEBIT,145
KONDABILET,218
KAPCHEROP,155
CHEBAI,155
CHEBAI,259
YATOI,118
KAMOI,335
KAKISANGO,235
KAMOI,515
KIBUGA,634
KAPTEBER,103
KAPCHEPSAR,142
KORONGOI,81
KAPTERIT,139
KIPSAMBACH,57
KAPTERIT,505
KOISUNGUR,179
KIBIGOS,164
KOKWONGOI,248
MOSONGO,165
ROGOR,24
KAPOLET,34
ROGOR,19
SENGWER,382
KAPCHEROP,507
KIPSERO,206
KAPSOWAR,312
KAPSOWAR,"1,105"
KAPSOWAR,"1,181"
TALAI,"1,033"
KAPSUMAI,383
KAPSUMAI,376
SINON,393
KIPSAIYA,245
KIPSAIYA,259
SISIYA,226
TUMEIYO,239
KOIBARAK,193
KOBUSWO,289
SANGURUR,203
TUIYOBEI,113
LELAN,153
KAPKOCHUR,178
CHORWA,160
KAPKOCHUR,169
KAPTALAMWA,210
KIBIRECH,185
LELAN,124
CHEMOSONG,118
KAPSAIT,148
KERER,101
TUNYO,122
ARROR,129
ARROR,423
KILOS,29
KOITILIAL,115
NIWAI,158
CHESUMAN,113
CHEPKUM,153
CHEPTEMBERERWO,52
KAPCHEMUTA,233
RESIM,43
NANDI,311
CHESUMEI,346
CHEMUNDU,495
CHEMUNDU,411
BARATON,411
CHEPTERIT,505
CHEPTERIT,576
KAMONJIL,566
SEGUT,374
KAMOIYWO,288
KAMOIYWO,344
KIMNGERU,314
SANIAK,228
KAPNGETUNY,"1,503"
KAMURGUIYWA,"1,059"
KAPNGETUNY,"1,754"
KAPSISIYWA,297
CHEPKOBER,387
SIRONOI,288
TALAI,266
KAPTEL,333
KAPTEL,333
KAPTILDIL,321
KAPTILDIL,321
KIPTUIYA,842
KAPCHORWA,821
KAPTOBONGEN,916
KIPTUIYA,812
KOMBE,415
KOMBE,415
KOSIRAI,270
BIRIBIRIET,253
BIRIBIRIET,239
NDONYONGARIA,271
ITIGO,209
AINAPMOI,199
ITIGO,202
KIBOSWA,230
KOKWET,289
KOKWET,267
TEBESON,311
KOSIRAI,289
BELEKENYA,188
KOSIRAI,298
NDAPTABWA,408
LELMOKWO,263
KIPKONGORWA,293
LELMOKWO,238
MUTWOT,356
CHEPTARIT,800
MOSORIOT,325
MUTWOT,238
NGECHEK,207
KIPCHUNU,210
LELBOINET,262
MATEGET,143
NGECHEK,241
NANDI NORTH FOREST,1
NANDI NORTH FOREST,1
NANDI NORTH FOREST,1
NANDI SOUTH FOREST,-
NANDI SOUTH FOREST,-
NANDI SOUTH FOREST,-
NANDI CENTRAL,407
KAPKANGANI,579
CHEPKUMIA,550
CHEBOITE,806
CHEPKUMIA,433
KAPKANGANI,607
CHEPSONOI,691
KIBORGOK,420
TINDINYO,847
KAPSABET,837
KAMOBO,768
KAMOBO,768
KAPSABET,"2,331"
KAPSABET TOWNSHIP,"2,331"
KIMINDA,639
KIMINDA,445
MESWO,838
KILIBWONI,361
ARWOS,449
ARWOS,387
KAPTENDON,531
TIRYO,459
KABIRIRSANG,491
CHESUWE,608
KABIRIRSANG,373
UNDERIT,522
KAPLAMAI,384
KAPCHEMOIYWO,454
KAPLAMAI,420
KAPSUMBEIYWO,349
KAPTAGUNYO,302
KILIBWONI,353
KAPLONYO,293
KAPNYEBERAI,413
KILIBWONI,344
KIPSIGAK,475
KAPKERUGE,496
KIPSIGAK,403
KIPSOTOI,540
KIPTURE,630
IRIMIS,919
KIMAAM,652
KIPTURE,519
LOLMININGAI,252
KABORE,280
KIPLOLOK,272
LOLMININGAI,229
NDUBENETI,233
TERIGE,334
EMDIN,346
SONGOLIET,343
TERIGE,305
TULON,196
KAPCHEPSIR,248
KAPCHUMBA,194
KIPTENDEN,107
TULON,306
NANDI SOUTH FOREST,
NANDI SOUTH FOREST,
NANDI SOUTH FOREST,
NANDI EAST,304
NANDI HILLS,356
AINAPNGETUNY,371
AINAPNGETUNY,343
KISOGA,448
TOROTON,359
CHEBARUS,402
CHEBARUS,590
CHEBOIN,334
CHEMOMI,218
CHEMOMI,231
KIRONDIO,200
SOIYET,221
CHEPTILILIK,351
CHEPTILILIK,183
KAPKOROS,750
KAPTIEN,628
KAPCHORUA,289
KAPCHORUA,295
KELBUI,268
KIPKOROM,325
SIRWA,290
KAPKOROS,415
KAPKOROS,588
KAPSOKIO,460
TERENO,287
KAPLELMET,770
KAPLELMET,845
KETBARAK,864
KETENG,720
KIMOLONIK,525
KIPSEBWO,361
KABOTE,828
KALEL,210
KIPSEBWO,521
KOSOIYWO,717
KOSOIYWO,690
SAMOEI,666
SINENDET,790
MOGOBICH,177
KIPKEIGEI,246
KIPKOIMET,186
MOGOBICH,114
NANDI HILLS,"1,201"
KAPNGETUNY,"3,065"
KIPSAMO,608
TURURO,402
SIRET,305
CHEPTABACH,282
SIRET,336
TAITO,292
KAPKEMBUR,279
KIPCHAMO,249
TAITO,595
TARTAR,247
KAPKORIO,278
TARTAR,211
OLLESSOS,371
CHEPKUNYUK,608
CHEPKUNYUK,668
KAPCHURIAI,475
KIPSERGECH,730
NDUROTO,683
KIBABET,452
KIBABET,347
KIBIOK,452
KIPKOROR,508
KOILOT,275
CHEPNGETUNY,342
CHEPTUINGENY,290
KEBEN,303
KOILOT,206
SIGILAI,274
LELWAK,417
LELWAK,371
OLDOLDOL,575
TIGITYO,426
OLLESSOS,493
KAPKORIO,692
MOGOON,384
OLLESSOS,509
SIWO,490
CHEBILAT,591
CHOIMIM,416
SIWO,480
SOCHOI,258
LOLDUGA,288
SOCHOI,233
NORTH TINDERET FOREST,-
NORTH TINDERET FOREST,-
NORTH TINDERET FOREST,-
NANDI NORTH,274
CHEPTERWAI,284
CHEPTERWAI,315
CHEPTERWAI,342
CHEPTONON,348
SINGILET,355
TERESIA,252
KAMASAI,352
KAMASAI,483
KAPCHEBOSEI,478
SOSIOT,161
KAPKOIMUR,262
KAPKENYELOI,279
KAPKOIMUR,255
KIMNG'OROR,219
KAPTER,208
KIMNG'OROR,249
KOIBAN,183
SOIMINING,273
CHEPSAITA,407
CHEPTILIL SUSWO,213
SOIMINING,314
KABIYET,325
KABISAGA,301
CHEPKOIYO,322
CHEPTIL,273
KABISAGA,306
KABIYET,378
CHEPTUIYET,337
KABIYET TOWNSHIP,492
NDULELE,338
KAMASIA,344
KAMASIA,343
KAPKAGARON,344
KEBULONIK,296
CHEPLELAIBEI,272
KEBULONIK,303
RUBET,307
LOLKERINGET,310
CHEMNOET,311
KAIBOI,345
KOISOLIK,362
LOLKERINGET,254
SANGALO,377
KAMWEGA,372
KIPSAMOITE,448
SANGALO,328
SIGOT,256
CHEPKATET,188
SIGOT,287
KIPKAREN,274
CHEPKEMEL,247
CHEPKEMEL,248
NGENYILEL,245
KABIEMIT,314
KABIEMIT,311
KAPLEMUR,316
KAPKATET,279
KAPKATET,279
KIPKAREN SALIENT,219
KAPSERTON,231
KIPKAREN,210
LABORET,277
LABORET,277
NDALAT,307
KAIGAT,325
LEMOOK,258
NDALAT,300
NYIGOON,388
KURGUNG,277
KAMUNGEI,295
KAMUNGEI,295
KAPTICH,288
KAPSABAOT,258
KAPTICH,314
OLMAROROI,282
KURGUNG,311
KAPKOROS,337
KIPTANGUS,269
KURGUNG,335
SARORA,251
CHEPTARIT,234
KIMONG,216
SARORA,303
SURUNGAI,264
NGOROIN,261
SURUNGAI,265
NANDI NORTH FOREST,4
NANDI NORTH FOREST,4
NANDI NORTH FOREST,4
NANDI SOUTH,378
ALDAI,437
BONJOGE,370
CHEPKUNY,437
KAPKEBEN,376
KENYOR,383
KERERI,304
CHEBILAT,621
CHEBILAT,689
CHEPKETEMON,560
KAPSAGAWAT,509
KIPTARUSWO,729
KAPKERER,644
KAPKERER,644
KAPKOLEI,311
KAPKOLEI,321
KIMOLWO,281
URWOGOI,329
KAPKURES,365
CHEPKURNGUNG,466
KAPSAMOCH,413
KESENGEI,287
KEMELOI,706
CHEBARA,664
KOIBARAK,749
KIBWARENG,432
BOI,350
KIBWARENG,553
SAMITUI,407
MARABA,240
CHEPSIRIA,383
KAPTUMEK,104
KONGORO,407
MOGOIYWO,443
TIRIKWO,278
MUGEN,581
CHEBUKUNDI,548
KAMIMEI,532
KAPKEMICH,752
MUGEN,647
TIBINGOT,439
NDURIO,345
KESOGON,340
NDURIO,341
SARMA,374
TERIK,756
KAPSENGERE,756
KAPTUMO,436
KABOI,477
KABOI,395
KAMARICH,479
KAPSOO,464
MUGUNDOI,576
KAPSAOS,292
KABOROGIN,281
KABUSON,271
KAPSAOS,217
TORETMOI,444
KAPTUMO,480
CHEPKONGONY,391
IBANJA,483
KEBURO,505
MOSOMBOR,611
KOYO,421
KAPSOIYO,410
KOYO,427
NANDI SOUTH FOREST,-
NANDI SOUTH FOREST,-
NANDI SOUTH FOREST,-
TINDERET,208
TINDERET,239
CHEMAMUL,215
CHEBANGANG,281
CHEMAMUL,168
KIPYAOR,251
CHEMASE,150
CHEMURSOI,179
KAPKUONG,124
KIBIGONG,155
KIBISEM,156
CHEMELIL,134
CHEMELIL,144
CHEPSANGOR,231
KIMWANI,79
TAMBUL,156
CHEPKEMEL,353
CHEPKEMEL,397
KABIKWEN,265
KIPSIWO,418
CHEPSIRE,263
BARASENDU,247
CHEPSIRE,279
KABIRER,423
CHERONDO,458
KABIRER,349
KIBUKWO,494
KABOLEBO,257
KABOLEBO,390
KAPLELACH,121
KABUTIEI,249
KABUTIEI,271
MATAMBACH,235
KAMELIL,467
KAMELIL,399
KAPSOEN,492
NGATIPKONG,531
KAMELILO,310
GOTNELEL,317
SENETWO,296
TEBESON,317
KAPKITONY,265
CHEPTONON,306
MOMBWO,208
KAPSIMOTWA,263
CHEMATICH,257
KAPSIMOTWA,275
KIBWARENG,312
MATEMA,201
METETEI,345
METEITEI,365
SETEK,329
SOBA,198
KAMILET,205
KAPKITANY,171
SIGORIA,194
SOBA RIVER,211
SONGHOR,213
CHEPKOIYO,280
KIPTEGAT,214
SOKOSIK,389
SONGHOR,160
TAUNET,159
TEMSO,508
TACHASIS,389
KAPLAMAIYWO,383
TACHASIS,395
TINDERET,312
KIMATKEI,353
MBOGO VALLEY,287
TINDERET,319
TINDERET FOREST,1
TINDERET FOREST,1
TINDERET FOREST,1
BARINGO,61
BARINGO CENTRAL,123
KABARNET,265
EWALEL,149
MOROP,106
RIWO,174
SERETUNIN,184
KABARNET MOSOP,614
KAPROGONYA,743
KEWAMOI,"1,844"
SEGUTON,695
KAPCHEREBET / TURKWO,34
KITURO,287
KAPTOROKWO,318
KIPKAECH,190
KITURO,436
NGETMOI,172
CHEBUNYUR,142
KAPKIAI,294
TIRIONY,154
ORWOKO,132
KAPCHEPTERIT,77
MOLOI,260
TALAI,150
KAPTUMO,279
MOIGUTWO,197
SOGON,59
KAPROPITA,402
CHEBANO,545
KAPSOO/BOROWONIN,204
KINYO,636
SACHO,83
CHEPKERO,60
KIBEI,112
KOIBARAK,39
OCHII,64
KABASIS,157
KABASIS,438
KAPTIRIONY,53
TIMBOIYWO,260
KIBONJOS,43
KAPTICH,78
SIRWET,29
SOSION,44
SACHO MOSOP,147
KABARAK,141
KAPLEL,133
KESETAN,178
SACHO SOI,45
KAPKELELWA,54
KATUNOI,35
SAIMET,48
SALAWA,66
KABARNET SOI,73
KIMOSO,57
SALAWA,88
KAPROPITA SOI,29
KURUMBOPSOO,28
SAKASAK,31
KIBOINO,86
KIBOINO,83
SIRONOI,92
LELMEN,78
KAPYEMIT,80
LELMEN,77
TENGES,61
BEKIBON,24
BEKIBON,20
TINOMOI,29
EMOM,73
CHEPLAMBUS,65
SOROK,87
KISONEI,73
EITUI,62
KISONEI,81
TENGES,218
TENGES,218
TULUONGOI,77
TEBEI,52
TULUONGOI,111
BARINGO NORTH,64
BARTABWA,34
KABOSKEI,87
ATIAR,61
TERIK,112
KINYACH,26
BARTABWA,72
KALABATA,15
KINYACH,34
NGORORA,20
KAPTURO,22
KESUMET,20
TULUK,19
BARWESSA,60
KABOSKEI KERIO,41
AYATIA,41
KUIKUI,44
MAREGUT,35
KABUTIEI,86
KABITEL,77
KAPLUK,92
MUCHUKWO,92
LAWAN,64
BARWESSA,89
KAPTILOMWO,41
KONOO,65
KETURWO,68
KABARTONJO,183
KATIORIN,82
KAPKIRWOK,47
LELIAN,90
SUMEIYON,184
KELYO,164
KAPKIAMO,133
KASAKA,86
MOSOP,393
OSSEN,183
KAIMOGUL,163
KAPTUM,277
TILOI,80
TIRIONDONIN,187
SAIMO,304
KAPCHEPKOR,277
KAPKOMBE,233
KAPTERE,390
KASISIT,328
TIRIMIONIN,287
KIPSARAMAN,269
KAPTEBEREWO,350
BARTOLIMO,405
ISSAS,276
KIPKATA,207
KAPKOIWO,131
TUNOCHUN,350
SAIMO SOI,39
BARTUM,42
AKORIAN,40
KIPCHERERE,46
KOROTO,38
TAIMON,46
SIBILO,35
LORUK,29
RONDININ,43
SIBILO,42
YATIA,44
BARKETIEW,28
KIBIRYOKWONIN,154
EAST POKOT,32
AKORET,31
KAPAU,21
KAMURIO,27
KAPEDO NORTH,14
AKORET,52
AKORET,66
KULAL,42
KOLOWA,43
BARPELLO,46
BARPELLO,37
CHEPTURU,59
CHEPKERERAT,49
CHEPKERERAT,35
KAKAPUL,71
KIPNAI,31
KIPNAI,31
KOLOWA,58
KAISAKAT,38
KOLOWA,77
LOIWAT,37
CHEPELION,41
LOIWAT,42
LOMUKE,30
TILINGWO,37
NGINYANG,25
CHEMOLINGOT,49
CHEMOLINGOT,26
NGINYANG WEST,169
KOSITEI,23
KOSITEI,20
SERETION,30
RIBKWO,18
CHEPANDA,21
CHESAKAM,27
KAPEDO WEST,10
MARON,18
NGORON,29
LOKIS,27
LOKIS,27
NGAINA,28
NGORON,51
MIRKISSI,46
NGORON,59
TIRIOKO,20
ANGORITIANG,16
KAPUNYANY,28
KOIBATEK,138
ELDAMA RAVINE,277
KABIYET,158
BENONIN,172
KABIYET,146
KIPTUNO,194
LELACHTICH,236
TULWOB LEMBUS,161
KOISAMO,286
KEWANGOI,286
LEMBUS CENTRAL,290
PORORARAMA,290
LEMBUS CHEMORGONG,234
SIGORO,234
MAJI MAZURI,304
MAJI MAZURI,206
MAKUTANO,519
PERKERRA,190
PERKERRA,294
TONIOK,145
TUIYOTICH,159
RAVINE,"2,235"
RAVINE,"2,235"
SAOS/KIBIAS,132
CHERAIK,133
SAOS,152
TOLMO,120
ESAGERI,129
KABIMOI,105
KABIMOI,171
ORONGAI,100
SAGAT,59
KIPLOMBE,125
KAPLELACH,165
KIPLOMBE,134
ORINIE,96
SABATIA,153
KIPKABER,143
KIROBON,154
LEBOLOS,114
SOLIAN,222
MUMBERES,319
LEMBUS MOSOP,163
TINET,163
MUMBERES,306
EQUATOR,284
MUMBERES,336
SEGUTON,317
BOITO,327
CHEMESWON,305
TIMBOROA,609
NYAKIO,609
TORONGO,227
TORONGO,227
MWACHON,219
TORONGO,233
TUGUMOI,227
TIRIPKATOI,233
TUGUMOI,222
ESAGARI FOREST,
ESAGARI FOREST,
ESAGARI FOREST,
MARIGAT,65
MARIGAT,80
EWALEL SOI,22
KABUSA,19
KOITILION,27
ILCHAMUS,123
ELDUME,161
KAILER,72
ILNGARUA,240
ILNGARUA,480
LONGEWAN,161
KAPKUIKUI,27
KAPKUIKUI,23
KAPTOMBES,33
KIMALEL,43
KIMALEL,48
SABOR,22
KORIEMA,75
KIMONDIS,38
KETEMWA,41
KIBINGOR,35
LOBOI,57
CHELABA,35
MAJI NDEGE,126
MARIGAT,159
ENDAO,38
PERKERRA,525
YATOI,145
NGAMBO,127
NGAMBO,132
SINTAAN,121
SALABANI,118
MEISORI,124
SALABANI,111
SANDAI,55
MBECHOT,48
SANDAI,64
MOCHONGOI,58
ARABAL,27
ARABAL,15
NGELECHA,312
CHEBINYINY,28
CHEBINYINY,28
KASIELA,28
KIMORIOT,86
KAMAILEL,86
MOCHONGOI,133
KAPKECHIR,151
KAPNAROK,135
MOCHONGOI,104
MUKUTANI,30
KISERIAN,67
KISERIAN,94
LOGUMGUM,48
RUGUS,19
RUGUS,19
MUKUTANI,9
MUKUTANI,9
MOGOTIO,66
EMINING,63
EMINING,106
EMINING,122
KABOGOR,82
OTERIT,100
KIMOSE,45
CHEMOINOI,37
KIMOSE,55
KOIBOS - SOI,31
KAPLELWO,29
RADAD,33
KOITEBES,83
KOITEBES,83
ROSOGA,113
ROSOGA,113
KIMNGOROM,63
CHEBEREN,66
CHEBEREN,66
KIMNGOROM,56
KAPTERIT,56
KIMNGOROM,56
KISANANA,64
OLKOKWE,81
KABERGEI,82
OLKOKWE,159
TINOSIEK,30
KABUSWO,70
KABUSWO,99
KIRIBOT,57
KAPNOSGEI,50
KAMASAI,42
KAPNOSGEI,62
KISANANA,75
KISANANA,124
KOISARAM,44
NGENDALEL,73
KIPNYUNGUNY,72
NGENDALEL,74
OLDEBES,60
CHOMIEK,50
OLDEBES,65
SINENDE,46
CHEBIREBEI,24
NYALILBUCH,54
WASEGES,61
MOGOTIO,73
KAMAR,31
KAMAR,29
MOLOS,34
KAPKECHUI,98
KIBOMUI,91
MUGUYUNI,107
KOIBOS,24
KOITUIMET,25
MAJI MOTO,24
LEMBUS KIPTOIM,107
KIPTOIM,107
NDANAI,110
OLBAT,121
SAGASAGIK,95
LEMBUS MOGOTIO,176
CHEMOGOCH,113
KIPSOGON,96
MOGOTIO,535
MOLO SIRWE,41
CHEPYUAN,38
MOLO SIRWE,45
NGUBERETI,83
LEGETETWET,85
NGUBERETI,82
SIMOTWE,50
MUGURIN,50
SIRWA,115
SIRWA,115
KABURGEI,125
KAPKEIN,89
SIRWA,191
SORE,96
LAKE BOGORIA,-
LAKE BOGORIA,-
LAKE BOGORIA,-
TIATY EAST,34
CHURO,65
AMAYA,71
AMAYA,71
CHURO,102
CHEPELOW,95
CHURO,112
KAPTUYA,53
KAPTUYA,31
TEBELEKWO,82
KACHILITWA,51
KACHILITWA,73
PUTERO,39
MONDI,30
LORUK,25
CHEMURO,19
LORUK KONGASIS,58
TUWO,19
LOYAMOROK,58
KOKORE,50
NGINYANG EAST,69
NAUDO,23
AKWICHATIS,64
LOSIKIRIAMOI,17
PAKA,28
CHEMORIL,30
PAKA,26
SILALE,31
KAPEDO EAST,13
NAKOKO,51
TANGULBEI,26
KOMOLION,20
KOMOLION,20
KOROSSI,22
KECHII,24
KOROSSI,18
NAKORETE,24
MAKUTANO,24
CHEMOIGUT,24
ORUS,26
KOKWOTOTO,26
MAKANY,20
ORUS,28
TANGULBEI,35
KADOKOI,25
TANGULBEI,40
LAKE BARINGO,-
LAKE BARINGO,-
LAKE BARINGO,-
LAKE BARINGO,-
LAIKIPIA,55
LAIKIPIA CENTRAL,78
LAMURIA,36
BAHATI,92
BAHATI,98
FURAHA,52
REHEMA,151
LAMURIA,21
LAMURIA,18
MWIREMIA,27
MAZINGIRA,97
BARAKA,94
MATHINGIRA,326
TETU,82
SIRIMA,86
KARUNGU,68
MUHONIA,77
MUTARO,127
MUNYAKA,72
MWITURIA,40
WAMURA,49
WITHARE,36
NGOBIT,90
KARIGU-INI,70
RUAI,124
NYAMBOGICHI,56
NYAMBOGICHI,85
SHALOM CANAAN,33
SUGUROI,95
WIYUMIRIRIE,443
WIYUMIRIRIE,469
NYAKIO,424
SWEET WATERS,519
MARURA,223
MARURA,223
RUAI,"1,537"
KILIMO,"1,537"
TIGITHI,141
TIGITHI,141
MATANYA,141
LAIKIPIA EAST,67
CENTRAL,81
MPALA,31
RUGUTU,31
NANYUKI,347
MAJENGO,"1,160"
THINGITHU,157
NTURUKUMA,868
LIKII,"3,268"
NTURUKUMA,413
SEGERA,17
NGARE NGIRO,20
SEGERA,17
DAIGA,53
ETHI,31
CHUMVI,22
ETHI,14
NGENIA,120
MURAMATI,43
KIMUGANDURA,37
MUKIMA,60
NAIBOR,39
UMANDE,132
KALALU,334
NYARIGINU,307
UMANDE,54
LAIKIPIA NORTH,14
KIRIMON,12
ILDIGIRI,14
TURA,14
ILMOTIOK,7
ILMOTIOK,31
IMPALA,2
OLOIBORSOIT,14
EWASO,44
KIRIMON,11
MUKOGODO,18
ILNGWESI,9
NGARENDARE,6
SANGA,12
ILPOLEI,17
ILPOLEI,17
MAKURIAN,32
ARJIJO,19
MAKURIAN,42
MUKOGODO,22
KURI KURI,22
MUMONYOT,29
MUMONYOT,36
SEEK,25
SIEKU,7
SIEKU,7
LAIKIPIA WEST,38
MUHOTETU,103
KARABA,69
KABAGE,65
KARABA,75
MELWA,117
MELWA,126
MURICHU,113
MUHOTETU,116
CHUNGUTI,124
MUHOTETU,113
OLMORAN,20
KIRIMA,47
NDONYO-LOIP,60
GITHIMA,36
LONYEK,18
KARIWO,34
LONYEK,14
MAGADI,51
MAGADI,51
OLMORAN,15
KAHUHO,44
OLMORAN,11
RUMURUTI,35
LORIEN,78
KAPKURES,132
LORIEN,63
MUTARA,25
KIAMARIGA,146
MUTARA,12
NDURUMO,80
KAGAA,130
NDURUMO,69
RUMURUTI,205
MUTAMAIYU,75
RUMURUTI,276
SOSIAN,14
MAUNDU MERI,33
SOSIAN,4
THOME,25
MATHIRA,14
THOME,35
SIPILI,186
SIPILI,207
DIMCOM,194
KAHARATI,216
WANGWACHI,162
KABATI,158
KIRIKO,164
NYAHURURU,190
GITUAMBA,173
GITUAMBA,199
KARANDI,158
KIAMBOGO,270
KIAMBOGO,127
SIRIA (GATIRIMA),127
THIGIO,127
MUTHENGERA,228
KUNDARILLA,193
MUTHENGERA,267
MARMANET,120
GATERO,250
KAITI,185
MUNANDA,302
MARMANET,275
BONDENI,151
OLJABET,435
SALAMA,79
MURUKU,77
PESI,93
SALAMA,50
SIRON,122
KWANJIKU,404
SIRON,75
NGARUA,204
KINAMBA,320
KINAMBA,517
NDINDIKA,197
MATWIKU,167
MUTITU,212
MWENJE,139
MITHIGA,149
MITHIGA,120
NJORUA,196
NYAHURURU,253
IGWAMITI,247
LOSOGWA,364
SHAMANEI,156
MAHIANYU,140
KIANDEGE,206
MAHIANYU,96
MAINA,"1,482"
MAINA,"4,934"
NDURURUMO,676
MUTITU,96
NGORU,51
UASO NAROK,154
KIMORIOT,102
NYAHURURU,"1,795"
MANGUO,945
NDUNYU,"3,423"
NAKURU,288
GILGIL,172
ELEMENTAITA,136
KIAMBOGO,160
GITUAMBA,177
KIAMBOGO,151
KIPTANGWANYI,177
ELEMENTAITA,76
KIPTANGWANYI,338
KOILEL,101
KOILEL,146
OLE POLOS,84
OLE SIRWA,89
MITIMINGI,195
MITIMINGI,175
NDIBAI,241
OLJORAI,119
KAPKURES,69
KONGASIS,283
MOROP,137
TANGI TANO,124
NJERU,91
TANGI TANO,304
GILGIL,197
EBURRU,60
EBURRU,60
GILGIL,376
GILGIL,857
KIKOPEY,127
MBARUK,172
KASAMBARA,40
MBARUK,567
KARUNGA,169
GITARE,159
GITARE,159
KARUNGA,173
KARUNGA,195
LANGALANGA,161
KURESOI NORTH,283
KAMARA,322
KAMARA,206
KAMARA,"1,027"
MAU,118
SINENDET,300
MAU SUMMIT,389
KOIGE,416
MAU SUMMIT,296
SARAMBEI,499
NYOTA,321
LANGWENDA,248
NYOTA,427
OLBUMBU,281
SIRIKWA,426
SETKOTES,456
SIRIKWA,407
TEMOYETTA,270
CHEPTAGUM,319
IKUMBI,241
MURGIYENY,256
KURESOI,295
MKULIMA,288
LULUKWET,311
MAWINGU,266
TULWET,277
SOLIAT,292
TULWET,256
KIPTORORO,285
CHEMARE,300
CHEMATICH,240
KURESOI,333
KIPKEWA,310
KONGOI,313
KURESOI,391
MAU FOREST,-
MAU FOREST,-
MAU FOREST,-
KURESOI SOUTH,263
KERINGET,261
CHEBARAA,230
BARAGET,208
CHEBARA,254
CHEMANER,256
CHEMANER,241
CHEPALUNGU,266
KAPSIMBEIWO,279
KAPSIMBEIWO,279
KERINGET,299
KERINGET,368
MILIMET,309
SIWOT,207
KIPSONOI,237
KIPSONOI,234
TEGAT,239
SILIBWET,188
RIBOT,187
SILIBWET,189
TINET,263
KAPNANDA,273
TINET,248
OLENGURUONE,266
AMALO,303
AMALO,284
KIPTARAGON,328
CHEPTUECH,271
CHEPTUECH,257
IRONGO,292
EMITIK,323
EMITIK,347
KABUNGUNOT,296
KAPLAMAI,312
CHEPAKUNDI,302
KAPLAMAI,322
KIPTAGICH,223
ARORWET,218
CHEBOTOI,239
KIPTAGICH,223
SINENDET,219
AINAMOI,224
KOISEGUT,233
SINENDET,207
MOLO,324
ELBURGON,226
ARIMI,348
ARIMI,501
TEGAT,215
ELBURGON,962
ELBURGON,"4,181"
KAPSITA,204
MARIASHONI,92
KIPTUNGA,67
KITIRO,195
MARIASHONI,174
MUTAMAIYU,250
MUTAMAIYU,155
NDIMU,420
NDOSWA,167
KAPCHOLOLA,131
LAWINA,155
NDOSWA,261
MOLO CENTRAL,936
MATUMAINI,570
MATUMAINI,397
MICHINA,685
MOLO,"2,725"
MOLO,"1,966"
MUNJU,"3,942"
TAYARI,483
KIBUNJA,75
TAYARI,"2,356"
SACHANGWAN,488
KABIANGA,359
CHESOEN,505
KABIANGA,293
MUKINYAI,484
MIGAA,435
MUKINYAI,495
SACHANGWAN,704
SACHANGWAN,846
SOIN,551
TURI,334
CHANDERA,272
CHANDERA,321
KIRANGI,233
KIAMBIRIRIA,375
KIAMBIRIRIA,450
MONA,296
TURI,399
MICHATHA,393
TURI,404
NAIVASHA,181
KONGONI,99
MAIELLA,112
KONGONI,78
MAIELLA,138
MOINDABI,149
KIPKONYO,127
MOINDABI,183
NDABIBI,63
NDABIBI,63
MAAI MAHIU,111
LONGONOT,114
LONGONOT,58
MUNYU,324
MAAI MAHIU,109
KIJABE,358
SATELITE,30
NAIVASHA,200
HELLS GATE,200
MIRERA,403
OLKARIA,88
NAIVASHA CENTRAL,416
KARATI,109
GATAMAIYU,64
KARATI,192
KINUNGI,423
MARAIGUSHU,423
LAKEVIEW,"2,671"
LAKEVIEW,"2,671"
MALEWA,88
TARAMBETE,88
NAIVASHA EAST,414
KINAMBA,582
MUNUNGA,208
NAIVASHA TOWN,"1,351"
KABATI,"2,714"
SOKONI,718
LAKE NAIVASHA,
LAKE NAIVASHA,
LAKE NAIVASHA,
NAKURU EAST,840
LAKEVIEW,"14,338"
KIVUMBINI,"11,009"
KIVUMBINI,"11,394"
MANYANI,"10,706"
LANGALANGA,"18,433"
LAKEVIEW,"19,119"
LANGALANGA,"17,800"
LANET,"2,746"
FREE AREA,"4,852"
FREE AREA,"8,118"
MENENGAI,"4,055"
MOUNTAIN VIEW,"2,888"
KIRATINA,"4,074"
KIONDO,"1,271"
KIRATINA,"12,671"
LANET,"1,681"
LION HILL,"1,872"
MUGUGA,"1,682"
MWARIKI 'B',"1,569"
MUNICIPALITY,"6,123"
BONDENI,"8,896"
AFRAHA,"7,745"
BAHARINI,"12,540"
CENTRAL,"3,997"
BIASHARA,"1,327"
KABACHIA,"5,309"
LAKE NAKURU NATIONAL PARK,3
LAKE NAKURU NATIONAL PARK,3
LAKE NAKURU NATIONAL PARK,3
NAKURU NORTH,563
BAHATI,247
BAHATI,308
BAHATI,"1,870"
BIBIRIONI,147
CHANIA,210
KIRIMA,454
KIRIMA,287
WANYORORO,874
MUTUKANIO,227
KARUNGA,"1,380"
LAND MAWE,69
MUTUKANIO,825
NDUNGIRI,129
NDUNGIRI,129
OL BONATA,129
DUNDORI,706
DUNDORI,326
DUNDORI,"1,612"
MUGUMO,154
GITHIORO,463
GIACHON'GE,"1,125"
GITHIORO,335
MUGWATHI,564
LANET UMOJA,"1,879"
KIAMUNYEKI,"2,125"
MURUNYU,751
UMOJA,"3,609"
MERERONI,592
NDIMU NDEGE,499
NYONJORO,870
KIAMAINA,"1,217"
KABATINI,"1,144"
KABATINI,"1,001"
MWAKI MUGI,"1,254"
KIAMAINA,"1,875"
GITUAMBA,"1,967"
KIAMAINA,"1,740"
RURII,"3,531"
MENENGAI,"2,032"
RURII,"3,714"
WORKERS,"5,744"
THAYU,283
THAYU,430
WENDO,221
NAKURU WEST,"2,764"
BARUT,767
BARUT,796
BARUT,"1,210"
KELELWET,392
KIPSIMBOL,911
PARKVIEW,"1,243"
SOIMET,"1,232"
INGOBOR,364
INGOBOR,210
LALWET,926
KAPKURES,"1,957"
KAPKURES,"2,229"
MOGOON,"1,246"
KAPTEMBWO,"11,146"
KAPTEMBWO,"8,632"
KAPTEMBWO,"22,600"
TECHNOLOGY,"4,971"
MWARIKI A,"11,711"
GAME VIEW,"7,664"
MWARIKI A,"23,680"
RONDA,"17,433"
HESHIMA,"19,618"
RONDA,"15,933"
SHAABAB,"7,832"
GITHIMA,"7,026"
KENLANDS,"8,569"
VIWANDA,"1,428"
MILIMANI,653
MILIMANI,625
RAILWAYS,690
VIWANDA,"2,155"
LONDON,"2,813"
SOILO,490
VIWANDA,"1,986"
NJORO,341
KIHINGO,457
KIHINGO,482
KIHINGO,439
SUBUKU,562
LUSIRU,400
LUSIRU,297
MUGUMO-INI,502
LARE,259
BAGARIA,253
BAGARIA,276
KILO,218
GICHOBO,240
GICHOBO,290
SINENDET,207
KIANJOYA,375
KIANJOYA,416
MAHIGA,299
KIRIRI,295
NDULELE,310
NGANOINI,281
LARE,432
LARE,"1,830"
NGURIGA,258
MAJIMOTO,235
KAPYEMIT,245
MILIMANI,225
NAISHI,169
MUTHIGA,171
NAISHI,190
PWANI,153
MAU NAROK,322
LIKIA,381
LIKIA,"1,072"
NYANDIMU,160
MAU-NAROK,417
GATIMU,204
SIAPEI,585
MWISHO WA LAMI,200
MWISHO WA LAMI,357
TIPIS,95
SURURU,429
KIPTULEL,433
SEGUTIET,421
MAUCHE,220
KAPKEMBU,155
CHEBITET,157
KAPKEMBU,154
MAUCHE,145
MAUCHE,314
TACHASIS,76
TERET,220
LELECHWET,301
TERET,169
TUIYOTICH,513
LOITEPES,457
MOSOP,561
SIRIAT,559
NJORO,486
LOWER PIAVE,442
KAHUHO,488
SUBUKU,477
MIGAA,319
MUKUNGUGU,931
NJOKERIO,931
NESSUIT,321
MISIPEI,210
MUKUNGUGU,912
NESSUIT,302
SIGOTIK,364
NJORO,704
JEWATHU,"1,801"
NJORO,564
UPPER PIAVE,401
KIKAPU,401
PIAVE,401
RONGAI,202
KAMPI YA MOTO,139
BANITA,92
KOKWOMOI,106
MAJANI MINGI,77
KAMPI YA MOTO,193
KAMPI YA MOTO,548
KAPSETEK,73
MAKONGENI,136
ATHINAI,260
LOMOLO,50
MAKUTANO,165
MAKUTANO,133
MOROP,201
OLRONGAI,143
BARINA,104
MENENGAI,158
NGATA,306
KIAMUNYI,428
MERCY NJERI,241
OLIVE INN,"1,381"
MENENGAI,287
KAMUNGEI,598
MANGrgOU,189
NGATA,314
KIROBON,322
NGATA,305
OGILGEI,184
MILLIMANI,70
OGILGEI,449
RONGAI,246
BOROR,504
CHEPSEON,865
MATUIKU,162
LENGENET,202
LENGENET,188
MORICHO,240
RONGAI,184
GICHEHA,188
UMOJA,177
SUMEEK,274
MIMWAITA,321
SUMEEK,238
VISOI,217
KANDUTURA,346
KAPKWEN,152
SOLAI,157
MAJI TAMU,154
CHEMASIS,145
EMARANGISHU,164
RUIYOBEI,83
ARUSTO,78
LOWER SOLAI,87
SOLAI,231
ARUTANI,124
NYADUNDO,235
RUIRU,526
SUBUKIA,212
KABAZI,307
KABAZI,295
BARAKA,56
GITURA,262
KABAZI,590
RUGONGO,408
MUNANDA,324
EDGEWOOD,155
MAGOMANO,232
MUNANDA,601
MBOGOINI,129
LARI,120
LARI,121
MARANA,120
MWITEITHIA,77
GITUNDAGA,105
KOISAMO,60
OLMANYATTA,240
OGILGEI,212
SIMBOIYON,309
WIYUMIRIRIE,184
WASEGES,166
GAKINGI,247
NYAMAMITHI,124
SUBUKIA,278
ARASH,161
ARASH,650
TETU,85
SUBUKIA CENTRAL,270
KIANOE,304
MIHANGO,248
SUBUKIA EAST,785
MILIMANI,228
SUBUKIA EAST,"1,548"
WEI,209
NDONGA,146
WEI,336
NAROK,65
NAROK EAST,56
MAU,56
ENOOSUPUKIA,96
ENOOSUPUKIA,96
ILDAMAT,70
ILAISER,63
ILDAMAT,82
KEEKONYOKIE,142
KEEKONYOKIE,142
MOSIRO,18
ENKOIPAROT,16
KILONGISA,14
MOSIRO,33
OLOOLTUROT,12
NTULELE,105
NTULELE,105
OLETUKAT,16
ENARAMATISHOREKI,14
ENKORIKA,17
OLOLPIRONITO,66
ENOOSEYIA,116
OLOMBOKISHI,50
ONGATA NAADO,33
NTURUMETI,40
ONGATA NAADO,40
SOSIAN,15
SUSWA,43
OLESHARO,20
OLOIKARERE,68
SUSWA,70
NAROK NORTH,117
CENTRAL,122
ENTONTOL,67
ILEKAIKI,69
OLKINYEI,65
LOWER MELILI,227
NAISUYA,78
OLOPITO,210
TOWNSHIP,295
NKARETA,57
NKARETA,58
OLELESHUA,56
OLCHORRO,97
OLCHORRO,91
PARKARARA,106
SIYIAPEI,65
SIYIAPEI,60
SONKORO,75
UPPER MELILI,88
ENAIBOR AJIJIK,37
SAKUTIEK,135
OLOKURTO,109
EMPATIPAT,130
EMPATIPAT,130
ENABELBEL,159
ENENGETIA,173
KISIRIRI,141
ENTIYANI,135
ENTIYANI,136
ILKIREMISHO,134
ILMOLELIAN,154
ILTUATI,119
OLOLONGOI,116
ILIKIAI,99
OLOLONGOI,134
NAITUYUPAKI,57
NAITUYUPAKI,57
OLOKURTO,107
NKOKOLANI,116
OLOKURTO,105
OLOROPIL,88
OLOROPIL,88
OLPUSIMORU,158
KAMURAR,101
OLENGAPE,145
OLMARIKO,289
OLPUSIMORU,242
TOPOTI,73
TOPOTI,73
NAROK SOUTH,52
LOITA,24
ENTASEKERA,24
ENTASEKERA,24
ILKERIN,25
ILMARAI,24
NKOPON,29
MORIJO LOITA,21
MORIJO LOITA,25
OLNGARUA,15
OLMESUTIE,41
IMARTIN,33
OLMESUTIE,46
OLORTE,20
MAUSA,18
OLORTE,22
OLOLULUNGA,136
EDONYO NGIRO,135
EDONYO NGIRO,186
ERETETI,128
NKOBEN,37
MELELO,132
MELELO,132
OLASHAPANI,203
OLASHAPANI,203
OLKIRIANE,29
OLKIRIANE,29
OLOLULUNGA,88
OLOLULUNGA,88
SAGAMIAN,325
SAGAMIAN,398
TENDWET,245
SOGOO,333
NKARONI,304
SOGOO,366
OSUPUKO,27
ELANGATA ENTERIT,21
ELANGATA ENTERIT,18
ENKUTOTO,26
MAJI MOTO,21
ENKIU,20
MAJIMOTO,23
NAROOSURA,56
ENTUROTO,43
NAROOSURA,80
OLOIROWUA,40
NTUKA,21
NKIMPA,19
NTUKA,22
OLENKULUO,23
OLENKULUO,17
OLNDONYO RASHA,30
NAROK WEST,35
LEMEK,26
LEMEK,26
LEMEK,26
MARA,22
AITONG,25
AITONG,33
MARARIANTA,16
KOYIAKI,13
SEKENANI,61
TALEK,9
NAIKARRA,27
ENTARODA,21
LESHUTA,33
NAIKARRA,26
OLDERKESI,38
ESOIT,47
OLDERKESI,29
OLKINYEI,18
ENDONYO RASHA,18
OLKINYEI,19
SIANA,27
MEGWARA,34
NKOILALE,16
SIANA,39
MULOT,193
ENELERAI,225
ENELERAI,195
RONGENA,253
ILMOTIOK,308
ILMOTIOK,301
MOGOIYWET,332
KUTO,482
KUTO,482
MULOT,333
MULOT,407
NGIITO,315
OLCHOROOIROWUA,230
NKORKORRI,60
NKORKORRI,60
TRANS MARA EAST,359
EMURUA DIKIRR,349
EMURUA DIKIRR,377
CHEMAMIT,403
EMURUA DIKIRR,367
KAPSASIAN,343
KABOLECHO,444
KAPSASIAN,358
KIRIBWET,287
MOGOR,342
MOGONDO,369
MOGOR,320
MURKAN,331
ILKERIN,331
OLOLMASANI,390
NJIPISHIP,406
KAPKOROS,438
NDAMAMA,391
NJIPISHIP,372
OLOLMASANI,375
ABOSSI,358
OLOLMASANI,400
TRANS MARA WEST,97
ANGATA BARRIKOI,192
ANGATA BARRIKOI,311
ANGATA BARRIKOI,560
CHELCHEL,201
NGENDALEL,328
MASHANGWA,69
MAGINA,24
MASHANGWA,106
OLDONYO-OROK,335
KONDAMET,347
OLDONYO-OROK,325
KEIYAN,108
ISAMPIN,181
ELANGATA-OSAEN,239
ISAMPIN,111
MASURURA,77
MASURURA,77
NDONYO,82
KIIKAT,84
NAAROLONG,80
NKARARO,147
ILDOLISHO,116
NENTEKENY,97
NKARARO,407
OLOONTARE,71
ILPASHIRE,66
NTUKA,119
OLOONTARE,56
SIKAWA,82
OLDANYATI,93
SIKAWA,73
MOITA,112
MOITA,112
ENOOSAEN,168
ENOOSAEN,228
MAPASHI,119
KILGORIS,179
OLALUI,113
ILMESHUKI,64
MUKULELTA,288
OLALUI,110
OLOIBOR-SOITO,399
OLOIBOR-SOITO,399
OLOLCHANI,402
ENDONYO-NKOPIT,215
LEPOLOSI,870
OLOLCHANI,202
OLOMISMIS,121
OLENGOLOTO,108
OLOSENTU,114
OLOMISMIS,144
OSINONI,90
NYASITA,77
OSINONI,104
OSUPUKO,217
NARONYO,277
OSUPUKO,179
POROKO,293
NAKUIYANA,348
POROKO,262
SHANKOE,150
ENAENYIENY,129
OLEREKO,163
SHANKOE,168
KIRINDON,35
EMARTI,116
EMARTI,116
ESOIT-NAIBOR,68
ESOIT-NAIBOR,117
PUSANKI,31
SITOKA,54
KIMINTET,15
KIRINDON,79
OLOOLOLO,7
NTULELE,110
NTULELE,110
LOLGORIAN,82
ENKOIPERIAI,50
ENKOIPERIAI,50
SITETI,51
ISOKON,119
IRONKENI,96
KERINKANI,155
MOYOI,118
LOLGORIAN,257
OLKILORITI,91
OLMOTONYI,69
OLOIRIEN,49
KAWAI,43
OLOOLMONGI,52
PIRRAR,166
KAPUNE,239
KAPUNE,312
SIRUA-AULO,216
MEGUARRA,197
MEGUARRA,213
ROMOSHA,177
ORONKAI,132
MEDUNGI,100
ORONKAI,125
PIMBINIET,208
SHARTUKA,136
ENKOSIPA,171
SHARTUKA,117
MAU FOREST,
MAU FOREST,
MAU FOREST,
MAU FOREST,
KAJIADO,51
ISINYA,196
ISINYA,114
ISINYA,103
ENKIRGIRRI,162
OLMERUI,19
KISAJU,110
KISAJU,110
OLOOSIDAN,144
KORROMPOI,282
OLOOSIDAN,60
KITENGELA,765
KITENGELA,718
KITENGELA,94
NOONKOPIR,"5,743"
OLOOLOITIKOSHI,805
ILKEEK LEMEDUNGI,"2,945"
OLOOLOITIKOSHI,49
OLOOSIRKON,88
OLOOSIRKON,130
EMAKOKO,47
OLOOLTEPES,201
OLOOSIRKON,170
SHOLINKE,40
NOOMPOPONG,43
SHOLINKE,36
OLTUROTO,19
ILPOLOSAT,15
ILPOLOSAT,13
OSEWAN,20
OLTUROTO,29
EMPUYIANKAT,17
OLTUROTO,40
KAJIADO CENTRAL,38
BISSIL,29
EMOTOROKI,18
OLCHORO OIBOR,17
OLOORMONGI,19
ILBISSIL,62
ILBISSIL,342
LENKISHON,25
OLEPOLOS,20
ILMARBA,31
ESEKI,27
ILMARBA,33
LORNGUSUA,27
LORNGOSUA,24
OITI,29
MAPARASHA,27
OLMOLELIANI,27
OLOILILAI,28
ILPARTIMARO,34
OLOILILAI,24
OSILALEI,26
OLKERIAI,26
RUANCHE,18
ORMAEDA,20
RUANCHE,18
CENTRAL,71
NKOILE,45
NKOILE,45
ENKARONI,39
ENKARONI,37
ISIAIT,40
NALEPO,39
ILDAMAT,31
ESOKOTA,26
OLKILORITI,35
ILNGOSUAN,60
ILNGOSUAN,60
IMPIRO,45
IMPIRO,39
INKINYIE,71
KAJIADO TOWNSHIP,"2,348"
HOSPITAL,567
MAJENGO,"3,457"
MARKET,"3,628"
KUMPA,40
KUMPA,40
OLOOYIAN KALANI,29
OLOOYIAN KALANI,21
OLOOSUYIAN,36
SAJILONI,51
INKIWACHANI,22
ISEURI,102
SAJILONI,44
ENKORIKA,29
ENKORIKA,28
ENKORIKA,28
ISILALE,37
ISILALE,37
KIKURRO,26
KIKURRO,24
MALILIMA,32
OLOBELBEL,28
OLEMURAKAT,26
PELEWA,34
OLOOTULUGUM,28
OLGIRA,28
OLOOTULUGUM,27
ORINIE,36
ORINIE,36
NAMANGA,35
ELENUATA,18
ELENUATA,18
KUMPA,26
INKIITO,26
KUMPA,26
MAILUA,15
MAILWA,18
SERE,12
METO,27
METO,27
NAMANGA,119
NAMANGA,445
OLOOLAROI,33
NOOSIKITOK,26
NOOSIKITOK,26
OLDONYIO OROK,24
ENGABOLI,31
OLDONYIO OROK,20
OLOIRIMIRIMI,39
NAIRRABALA,37
OLOIRIMIRIMI,40
KAJIADO NORTH,"2,773"
NGONG,"1,799"
EMBULBUL,"3,481"
EMBULBUL,"7,087"
KERARAPON,"1,333"
LEKURRUKI,892
LEKURRUKI,"1,108"
UPPER MATASIA,759
NGONG,"2,822"
ENCHORRO-EMUNYI,"1,962"
NGONG TOWNSHIP,"6,159"
OLKERI,"1,669"
LOWER MATASIA,"1,186"
OLKERI,"1,038"
OLOOSURUTIA,"3,543"
UPPER NKOROI,"1,599"
OLOOLUA,"1,674"
OLEPOLOS,"3,572"
OLOOLUA,"1,231"
ONGATA RONGAI,"4,527"
KANDISI,"3,553"
EMPAKASI,"3,967"
KANDISI,"3,211"
LEMELEPO,"1,679"
KAHUHO,"2,029"
LOWER NKOROI,"1,484"
NKAIMURUNYA,"16,866"
KWARE,"20,566"
MOSOI RANGE,"14,546"
OLE KASASI,"1,632"
OLE KASASI,"1,418"
SCHEME 6,"2,249"
ONGATA RONGAI,"10,379"
ENTOMOTO,"7,041"
LAISER HILL,"9,713"
ONGATA RONGAI,"12,335"
KAJIADO WEST,23
EWUASO KEDONG,34
ESONORUA,9
ESONORUA EAST,11
ESONORUA WEST,6
KEEKONYOKIE NORTH,42
INKIUSHIN,71
KISHARU,13
OLGUMI,37
KEEKONYOKIE SOUTH,31
INCHOROI,29
INKIITO,30
KISAJU,33
OLOYIANKALANI,32
MOSIRO,12
EMBALMBAL,8
OLDEPE,13
OLDORKO,30
OLCHORO-ONYORI,149
KIPETO,59
NAROMORU,305
OLOIRIEN,83
OLCHORO-ONYORI,103
OLOOLOITIKOISHI,70
ENTASHART,58
KIMUKA,81
OLOSHO-OIBOR,43
KEEKONYOKIE CENTRAL,19
KISAMIS,19
LOODARIAKI,19
KEEKONYOKIE WEST,11
EREMIT,10
OLTEPESI,12
KIBIKO,758
EMMANYATTA,"1,019"
KIBIKO,526
KISERIAN,920
NASERIAN,"2,909"
OLTEYANI,246
NAJILE,18
ENKORIKA,12
EWUASO,26
OLENTOKO,23
SAIKERI,27
OLMAROROI,27
SAIKERI,27
LOODOKILANI,15
ELANGATA WUAS,28
ELANGATA WUAS,40
ILOSHON,20
KILONITO,14
INDUPA,18
KILONITO,12
LOODOKILANI,29
ESAMPUKIKE,21
KARERO,28
LOODOKILANI,39
OLTEPESI,14
IYARAT,14
TOROKA,14
SINGIRAINE,7
INAUDOT,24
SINGIRAINE,5
TOROSEI,13
EMUKUTANI,12
INDEPEN,7
TOROSEI,16
MAGADI,13
MAGADI,18
ILUANAT,15
MAGADI,35
OLKERI,11
MUSENKE,13
LORNG'OSUA,34
MUSENKE,11
OLDONYO-NYOKIE,9
KOORA,9
NKEEK PUSI,5
OLDONYO-NYOKIE,16
OLKIRAMATIAN EAST,7
OLDORKO,6
OLKIRAMATIAN,10
OLKIRAMATIAN WEST,30
ENTASOPIA,20
NGURMAN,23
OLCHORO LEPO,97
SHOMPOLE EAST,11
ENDOINYO-OLASHO,7
LENKOBEI,10
OLOIKA,21
SHOMPOLE WEST,15
PAKASE,16
SHOMPOLE,14
LOITOKITOK,30
CENTRAL,35
AMBOSELI,11
AMBOSELI,12
ENKONGU NAROK,9
ENTONET,42
ENTONET,74
IMISIGIYO,6
ILTITAL,17
ILTITAL,17
OYARATA,17
KUKU,55
ENKUSERO,36
INKISANJANI,88
OLCHORRO,123
ILMEDOTI,60
OLCHORRO,379
OLOOLOPON,294
NKAMA,219
OLOOLOPON,343
OLORIKA,28
CHYULU,144
ELENGATA ENKIMA,27
OLORIKA,21
KIMANA,29
ENKARIAK/ RONKENA,45
ENKARIAK/ RONKENA,119
LEMONG'O,16
ISINET,48
ISINET,94
ORNGOSUA,23
KIMANA,163
KIMANA,235
NAMELOK,110
MBRIKANI,37
MBIRIKANI,15
NKOROSHONI,142
OLTIASIKA,6
ILCHALAI,15
OLDONYO-WUAS,5
OLTIASIKA,4
LENKISIM,7
ESELENKEI,9
ESELENKEI,11
KISERIAN,6
LENKISIM,6
LENKISEM,5
LOOLAKIR,6
OLGULULUI,7
ELUAI,5
OLGULULUI,8
ROMBO,96
ENTARARA,200
ENTARARA,112
ILLASIT,348
NJUKINA,78
ELARAI,103
NJUKINI,49
ROMBO,63
OLGIRRA,30
ROMBO,119
MASHUURU,29
KENYEWA,28
ILMUKTANI,19
ESELENKEI,18
SUNDE,20
IMBUKO,14
KUNCHU,15
IMBUKO,14
KENYEWA,26
KIBOKO,29
MASIMBA,20
MERRUESHI,16
MERRUESHI,16
NKAMA,41
SULTAN HAMUD,57
NKAMA,22
POKA,42
EMALI,56
IMBILIN,19
MASHUURU,29
ARROI,29
ARROI,20
LESONKOYO,44
EMARTI,13
EMARTI,13
ILMUNKUSH,40
ERANKAU,45
ILMAMEN,36
IMARORO,33
KILOH,33
MASHUURU,25
MASHUURU,27
ENTEPESI,23
KERICHO,370
BELGUT,549
BELGUT,675
KABOROK,698
KABOROK,660
KAPKOKWON,784
KAPSUSER,891
KAKIPTUI,737
KAPSUSER,987
KAPTOBOITI,657
CHERONGET,633
KAPTOBOITI,674
KIPKOIYAN,702
BORBORWET,855
KIPKOIYAN,581
KIPSOLU,591
AINAPKOI,669
KIPSOLU,530
WALDAI,652
KEBEN,713
KOITALEL,754
SOSIOT,526
KABIANGA,450
CHAIK,204
CHEMOGONDAY,207
KIPTETAN,197
CHEMAMUL,715
CHEBIRIRBEI,828
CHEMAMUL,678
KOIWALELACH,646
KABIANGA,571
KAPCHELUCH,624
KIBINGEI,424
KIPTOME,698
KAPKITONY,693
KIPTOME,704
MOBEGO,617
KABIANGA,605
MOBEGO,633
SERETUT,701
CHEPKOSILEN,754
SERETUT,644
BURETI,622
BURETI,779
CHEBWAGAN,530
CHEBWAGAN,304
CHERIBO,709
KAPSOGERUK,683
KIPTENDEN,449
CHEMOIBEN,976
CHEMOIBEN,541
KIPKOSIL,"1,804"
RORONYA,"1,132"
CHEPLANGET,772
BUTIIK,827
CHEPLANGET,770
MOBET,815
TIRIITABMOITA,732
KAPKATET,796
IT OIK,629
NGANASET,"1,014"
SOSIT,721
KUSUMEK,770
KAPSENETWET,704
KUSUMEK,825
LITEIN,"1,056"
KAPKARIN,623
LALAGIN,743
LITEIN,"1,982"
NGESUMIN,608
KAMANAMSIM,662
NGESUMIN,584
RUNGUT,592
CHEBORGEI,458
CHEBOIN,627
CHEBOIN,646
NGORORGA,577
CHEBORGEI,518
CHEBORGEI,362
KABORUS,493
KIMWOGIT,649
KORONGOI,543
KAPSOGUT,536
KAPSOGUT,548
KAPTELE,523
KIBUGAT,178
KELUNET,130
KIBUGAT,284
NGOINA,164
TEBESONIK,574
SIONGI,502
TEBESONIK,608
TECHOGET,645
AROKYET,640
KAMINJEIWA,668
KIBWASTUIYO,631
RORET,623
CHEMOSOT,695
CHEMOSOT,788
KAMINJEIWET,594
GETARWET,559
CHEPKONGONY,586
GETARWET,537
KABARTEGAN,597
CHEMOIYWO,547
KABARTEGAN,557
KIPKERIENY,732
KAPKISIARA,567
KAPKISIARA,549
KIPTOME,612
KISIARA,644
MABASI,643
MONORU,840
RORET,554
TULWET,662
KAPRORET,697
KELELWA,721
MOSORE,547
KERICHO EAST,709
AINAMOI,709
KAPSAOS,710
MASO,719
KAPSAOS,699
KAPSOIT,967
KAPSOIT,"1,106"
KAPKITONY,773
CHEPKOINIK,360
CHEPKOINIK,511
CHEPSOO,255
TELANET,656
KETITUI,709
CHEPKURBET,599
KENEGUT,361
KENEGUT,375
CHEPLEL,331
SITOTWET,403
SAMUTET,327
SITOTWET,582
AINAMOI,633
AINAMOI,655
KIPCHIMCHIM,601
KIPCHEBOR,475
CHEPKOLON,584
CHEBOCHO,376
POIYWEK,276
POIYWEK,296
LALIAT,257
TENDWET,463
BUCHENGE,301
TENDWET,651
TOWNSHIP,"1,902"
TAIYWET,"1,530"
KAPKUGERWET,"1,085"
MOTOBO,"2,511"
TOWNSHIP,"3,377"
KIPKELION,350
CHILCHILA,379
CHILCHILA,357
KOISAGAT,329
MURGUT(NEW),400
SOMBO,348
KIPTERIS,314
SONGONYET,314
KOKWET,428
CHERARA,420
KOKWET,437
SIWOT,272
MENTERA,271
SERENG,226
SIWOT,353
TOROTON,517
MAGIRE,544
TULWAPMOI,479
CHEPKECHEI,506
CHEPKECHEI,618
KAPNGETUNY,442
KAMASIAN,325
BOROWET,419
KAPKURES,483
KAPLEMUR,401
LELU,380
KAMASIAN,301
BARTERA,301
KIPSEGI,378
LELDET,386
NGOMWO(NEW),363
TUIYOBEI,385
KUTUNG (NEW),189
KUTUNG,806
SAOSET (NEW),101
LILOCH,354
MTARAGON,334
NYAIROBI,372
KIPKELION,343
BARSIELE,291
BARSIELE,218
SEGETET,308
TINGORO,327
KALYET,552
KALYET,486
PINUS (NEW),576
SIMOTWET (NEW),610
KIPCHORIAN,245
KIPKELION NORTH,245
KIPKELION TOWN,244
LESIRWA,333
LESIRWA,389
SIRET,261
MACHEISOK,395
KAPKWEN,377
MACHEISOK,327
MATARMAT,493
KUNYAK,344
KAPKOROS,388
CHESONOI,462
TIMBILIL,332
KAPKWEN,451
CHELELE,405
KAPKWEN,501
KUNYAK,224
CHEMOGOCH,267
KAPKEMOI,194
LONDIANI,344
CHEPSEON,297
CHEBOSWA,186
CHAGAIK,185
CHEYMEN,187
CHEPSEON,574
CHESINENDE,602
MOMONIAT,530
KAPSEGER,230
CHEPCHOLIET,206
CHEPSIR,305
KIPKEREMWO,220
TUGUNON,282
KAPLAMBOI,162
KIMUGUL,228
KIMUGUL,174
KISABO,260
KIPYEMIT,439
KIPRENGWE,344
KIPYEMIT,633
LONDIANI,466
KEDOWA,458
KEDOWA,458
KIMASIAN,478
CHEPTANGULGE,584
KIMASIAN,433
KIPSIRICHET,468
JAGOROR,557
KIPSIRICHET,395
LEMOTIT,357
SARAMEK,357
LONDIANI,531
CHEPKONGONY,379
TEGUNOT,912
SORGET,328
KIPLOKYI,493
BENDITAI,472
KIPLOKYI,864
KONGONI,301
MASAITA,304
KAMUINGI,368
MASAITA,268
TUIYOBEI,293
TUIYOBEI,293
SORGET,232
SORGET,232
TENDENO,254
SUBUKIA,410
CHEMARE,504
SUBUKIA,335
TENDENO,176
MALAGET,107
TENDENO,349
SOIN SIGOWET,271
SIGOWET,448
CHEPTUIYET,595
CHEPTUIYET,609
MINDILILWET,581
IRAA,369
IRAA,236
SINGORONIK,528
KALYONGWET,621
KALYONGWET,699
KAPKOCHEI,565
KAPLELARTET,296
CHEPKEMEL,431
KAPLELARTET,304
KAPSOMBOCH,156
TABAITA,290
KEBENET,546
KAMAGET,522
KEBENETI,558
KIPTERE,649
KAPKEBURU,712
KIPTERE,615
SIGOWET,557
KAPTEBENGWO,541
SIGOWET,570
SOIN,161
KAITUI,285
BAREGEIWET,233
KAITUI,354
KIPTUGUMO,265
SOMBICHO,379
KAPSEGUT,375
CHESICHE,389
KABOKYEK,362
KAPSEGUT,378
KAPSOROK,98
KAPKARA,119
KAPSOROK,121
LEKWENYI,72
KOITABUROT,158
KAPCHEBWAI,128
KAPKORMOM,190
KEJIRIET,143
KOITABUROT,185
SOIN,138
KAPLELACH,79
KAPTALAMWA,227
KIPSITET,277
SIMBI,111
SOLIAT,189
KAMASEGA,128
KONGEREN,392
MOGONJET,232
MOTERO,164
SOLIAT,282
MAU FOREST,-
MAU FOREST,-
MAU FOREST,-
MAU FOREST,-
TINDERET FOREST,-
TINDERET FOREST,-
TINDERET FOREST,-
TINDERET FOREST,-
BOMET,349
BOMET EAST,473
LONGISA,473
CHEBOIN,508
CHEBOIN,455
EMITYOT,466
SAMITUK,645
CHEMANER,420
CHAMBORI,479
CHEMANER,497
KAPSIGIRIO,515
KICHUTMO,343
KAPKIMOLWA,422
KAPKIMOLWA,497
KIPTULWA,432
KOIBEIYON,375
KEMBU,479
CHEPKITWAL,538
KAPORUSO,491
KONGOTIK,434
KIMUCHUL,531
LELKATET,506
SITOTWET,567
KIPLABOTWA,462
KAPLIYO,716
KIPLABOTWA,428
OLOKYIN,328
KIPRERES,368
KIPRERES,356
NDUBAI,381
KIROMWOK,535
KIROMWOK,583
MENET,480
MERIGI,512
CHEPKOLON,487
MERIGI,535
TEGAT,614
KIPYOSIT,633
TEGAT,598
CHEPALUNGU,358
SIGOR,316
KAPKESOSIO,381
KAPKESOSIO,422
KIMENDERET,417
TUMOI,326
CHELEGET,281
CHEPKOSA,265
NOGIRWET,244
LUGUMEK,340
KABOSON,272
KABOSON,274
KAMONGIL,271
LELAITICH,300
KAPSABUL,276
LELAITICH,330
SIGOR,329
AREIYET,349
KIPKEIGEI,295
SIGOR,338
SUGUMERGA,340
CHEPTAGUM,395
NYAMBUGO,334
SUGUMERGA,307
SIONGIROI,392
BINGWA,414
BINGWA,391
CHELELACH,520
CHEPWOSTUIYET,392
KAPOLESEROI,385
CHEBUNYO,438
CHEBUNYO,446
ROBORWO,432
KAMAGET,396
KAMOKIBOI,396
TILANGOK,396
KONGASIS,471
KIMAYA,459
KIRIBA,440
SEGEMIK,507
MAKIMENY,424
KABEMA,475
KIBOSON,443
KOIMIRET,400
MAKIMENY,380
MENGWET,429
MOGOR,323
CHEBOYO,393
KATARET,213
MOGOR,481
SIONGIROI,298
KABISIMBA,430
KIPSUTER,429
SIONGIROI,207
KONOIN,417
BOITO,643
BOITO,614
BOITO,630
KAPTEMBWO,589
CHEMELET,693
CHEMELET,606
KABIANGEK,766
CHEPTALAL,485
BOSTO,461
BOSTO,461
CHEPTALAL,528
TABOINO,532
KITALA,512
EMBOMOS,446
SIOMO,427
EMBOMOS,462
KIPTENDEN,530
KIPTENDEN,530
SATIET,589
KUGERWET,584
SATIET,597
SOTIT,398
KIMARWANDI,358
KIRIMOSE,414
SOTIT,422
TEREK,503
TEREK,503
KIMULOT,288
CHEBANGANG,512
CHEBANGANG,510
KAPSENGERE,515
KAPTEBENGWET,329
BESIOBEI,511
KAMOGOMON,273
KAPTIEN,246
KAPSIGOWO,362
KAPTIEN,206
KIMULOT,709
CHEMALAL,672
KAPSET,697
KAPSINENDET,769
SAOSA,150
CHEMOSIT,127
CHEPCHABAS,174
CHEPKEMBE,130
KONOIN,627
CHONGENWO,621
CHONGENWO,621
MOGOGOSIEK,922
SASETA,922
MOSONIK,607
CHEPKOCHUN,600
MOGONJET,620
NGERERIT,571
KAPRORET,519
NGERERIT,617
SIMOTI,595
KAPTENGECHA,651
SIMOTI,540
KOIWA,522
CHEPTINGTING,536
KAPKEN,509
SOTIK,419
ABOSI,261
ABOSI,272
ABOSI,572
KAPCHUMBE,115
KAPLOMBOI,459
GELEGELE,241
GELEGELE,257
KIPSIMBOL,271
KOIYET,158
KAPLETUNDO,605
CHEBILAT,523
CHEBILAT,516
TOGOMIN,530
CHEBIRBELEK,652
CHEBIRBELEK,633
SIROIN,677
KAMUNGEI,627
KAMUNGEI,696
KAPKOITIM,627
KENENE,563
KAPLETUNDO,604
BALEK,681
CHESILYOT,479
KIMAWIT,563
KERONJO,517
KIMAWIT,583
KIMOLWET,605
KAPKESEMBE,653
KIMOLWET,563
MUTARAKWA,343
KANUSIN,402
KANUSIN,430
KAPSANG'ARU,385
SOLYOT,385
KIPTULWA,300
CHEBOLE,319
KAPKURES,297
KINYELWET,278
KIPSONOI,299
MUTARAKWA,393
LELDAET,401
TARAKWA,384
NDANAI,487
KAPKELEI,447
KAPKELEI,510
MOTIRET,468
OLDEBESI,437
SIGORIAN,401
NDANAI,524
CHEPKEIGEI,540
CHEPLELWA,332
KIPSINGEI,607
NDANAI,626
SOTIK CENTRAL,446
CHEMAGEL,650
CHEBONGI,776
KIPAJIT,272
SOTIK,"1,370"
KAPLONG,865
KAPCHEPKORO,933
KAPLONG,802
MANARET,228
MANARET,312
CHEPILAT/MANARET,416
MABWAITA,226
MONIRE,67
RONGENA,402
KIPNGOSOS,440
RONGENA,386
TEMBWO,390
BURGEI,355
TEMBWO,410
YAGANEK,474
EMITYOT,290
YAGANEK,675
BOMET CENTRAL,613
BOMET CENTRAL,613
CHESOEN,733
CHESOEN,650
KAMOGOSO,794
KIPLELJI,742
ITEMBE,432
ITEMBE,400
KABISOGE,468
KYOGONG,472
GOITAB SILIBWET,442
KYOGONG,503
MUGANGO,547
KITOBEN,509
MUGANGO,589
NDARAWETA,516
KABUSARE,580
NGAINET,469
NYONGORES,584
TEGANDA,453
SIBAIYAN,616
KAPKOROS,632
SIBAIYAN,589
SINGORWET,623
AISAIK,589
KABUNGUT,583
SINGORWET,681
TOWNSHIP,882
CHEPNGAINA,"1,588"
KAPSIMBIRI,608
KAPSIMOTWA,732
MOTIGO,609
SILIBWET,838
MAU FOREST,-
MAU FOREST,-
MAU FOREST,-
MAU FOREST,-
KAKAMEGA,619
BUTERE,734
BUTERE,781
BUTERE TOWNSHIP,"1,097"
SHIREMBE,"1,073"
SHIROTSA,"1,115"
IMANGA,618
BULANDA,563
SHITSITSWI,666
MARAMA CENTRAL,864
IBOKOLO,738
MUTOMA,"1,087"
MARENYO,676
BUBOKO,624
MUYUNDI,718
SHIKUNGA,645
SHINAMWENYULI,787
EBULAFU,829
EMULECHE,748
LUNZA,685
BUCHENYA,"1,038"
EMUKANGU,"1,088"
MANYIKA,992
MARAMA NORTH,690
EBUSHITINJI,923
INAYA,597
LUKOHE,671
SHIRAHA,598
MARAMA WEST,637
BUMAMU,777
LUNZA,578
SHITARI,591
EMATENDE,533
ITUTI,689
SHIATSALA,740
MANYALA,565
BUSHIENI,515
EBUKUTI,504
ESHIENJERA,832
MARAMA SOUTH,767
MASABA,568
SHIATSALA,821
SHIBEMBE,"1,054"
SHIANDA,907
EBUBALA,932
EBUKHOKO,868
MABOLE,921
KAKAMEGA CENTRAL,"1,212"
LURAMBI,720
BUTSOTSO CENTRAL,674
ESHISIRU,661
SHIBULI,565
SHIYUNZU,872
EAST BUTSOTSO,888
INDANGALASIA,810
MURUMBA,958
SHIRAKALU,868
BUTSOTSO SOUTH,612
EMUKAYA,678
ESHIBEYE,473
MATIOLI,743
MUNICIPALITY,"2,567"
BUKHUNGU,"1,988"
MAHIAKALO,"1,593"
SHIRERE,"2,201"
SHIEYWE,"3,338"
SICHILAYI,"3,265"
TOWNSHIP,"3,775"
KAKAMEGA EAST,402
ILEHO,555
IVIHIGA,515
IKUYWA,"1,017"
LUKUSI,472
LUNYU,508
KAMBIRI,589
BULOVI,505
BUYANGU,684
IVAKALE,534
LUBAO,704
SHINYALU,873
ILESI,854
MALIMILI,794
MUGOMARI,910
MUKHONJE,855
KHAYEGA,985
LUGOSE,842
MUSENO,"1,109"
SHIDODO,"1,007"
SHIRULU,636
SHITOCHI,"1,383"
MURHANDA,853
ITENYI,736
MUKULUSU,789
SHISEMBE,950
SHISWA,929
SHIBUYE,802
MUKANGO,788
SHIASABA,628
SHING'ODO,"1,105"
VIRHEMBE,685
KAKAMEGA FOREST,-
KAKAMEGA EAST,-
KAKAMEGA EAST FOREST,-
KAKAMEGA NORTH,566
CHESERO,509
CHESERO,380
BUNUKU,567
LWANDA,348
NGUVULI,667
FUVALE,524
KAKUNGA,790
IKOLI,521
IKOLI,455
KUVASALI,621
MUKHUYU,489
KABRAS CENTRAL,551
MATIOLI,531
BUTALI,509
MUKAVAKAVA,387
SHIPALA,538
TANDE,778
MUGAI,593
LUKALA,549
MUSUNGU,533
SUNDULO,684
SHIRUGU,482
MALEKHA,460
SAMITSI,493
SHEYWE,503
TOWNSHIP,728
ISANJIRO,976
MALANGA,717
SHIVIKHWA,625
KABRAS EAST,435
CHEMUCHE,438
MASUNGUTSA,498
MUSINGU,367
TUMBENI,465
KABRAS EAST,433
CHEMUCHE,422
CHIMORONI,479
KIMANGETI,419
LUKHOKHO,415
KABRAS NORTH,554
CHEGULO,530
CHEBWAI,661
MAHUSI,380
MATSAKHA,599
NAMUSHIYA,447
SHIVAGALA,595
TIMBITO,624
SHIVANGA,518
CHEPTULI,307
FUVUYE,672
MURIOLA,430
TERESIA,638
SILUNGAI,631
MANDA,593
SHIANDICHE,710
TOMBO,627
KABRAS SOUTH,680
CHEVOSO,712
CHEVOSO,714
IFWETERE,771
MUNDOLI,649
MAHIRA,570
MUKHONJE,552
MUTING'ONG'O,517
MWERA,583
SHILONGO,607
SHAMBERERE,815
BUKHAKUNGA,630
SASALA,700
SHAMBERERE,"1,165"
SHIANDA,742
LUNYINYA,747
SHAMONI,737
KABRAS WEST,649
BURUNDU,571
BURUNDU,492
MUTSUMA,526
SAWAWA,685
SHIMULI,612
LUKUME,754
LUKALA WEST,711
LUKUME,791
SHIKUTSE,664
INDULUSIA,621
SHIKUTSE,699
KAKAMEGA SOUTH,764
IKOLOMANI NORTH,745
ISULU,755
LUNERERE,956
MUKONGOLO,855
MUSOLI,672
SHIBUNAME,592
SHIRUMBA,925
MALINYA,"1,109"
SHITOLI,769
SHIVAGALA,933
SHISELE,657
MUTAHO,603
SHIKULU,662
SHIMANYIRO,619
SHISESO,776
IKOLOMANI SOUTH,794
EREGI,872
LUKOSE,766
SHANJETSO,938
SHISEJERI,905
IGUHU,721
IVONDA,649
LIRHEMBE,"1,110"
MAKHOKHO,925
SAVANE,573
SHIVEYE,645
SHIKUMU,909
KALUNI,922
MADIVINI,"1,068"
SHABWALI,733
KHWISERO,779
KHWISERO EAST,676
KISA EAST,749
EMASATSI,744
EMURUBA,799
MUNJITI,713
KISA NORTH,709
MUNDOBELWA,766
MWIKALIKHA,621
KISA SOUTH,570
EMALINDI,512
ESHIBINGA,719
MUNDAHA,481
KHWISERO WEST,858
ESHIROMBE,"1,032"
EBUHALA,983
IKOMERO,"1,085"
KISA CENTRAL,889
EMUTSASA,828
MUNDEKU,964
WAMBULISHE,888
KISA WEST,702
DOHO,655
DUDI,800
MUHAKA,682
MULWANDA,863
ESHIRALI,709
KHUSHIKU,"1,023"
MULWANDA,828
MUSHIANGUBU,943
LIKUYANI,481
LIKUYANI,481
KONGONI,564
KONGONI,572
MAWE TATU,632
SANGO,368
SOY,431
NASIANDA,706
MUKUNGA,721
LIKUYANI,320
KILIMANI,288
MALOBA,375
NZOIA,562
MATUNDA,"1,160"
MOI'S BRIDGE,614
MUSEMWA,354
MTONI,"6,039"
VINYENYA,563
NZOIA,320
MBURURU,945
SINOKO,571
MILIMANI,964
MWIBA,266
NAMUNYIRI,766
SEREGEYA,363
SEREGEYA,363
LWANDA,719
LWANDA,719
SANGO,199
LUKUSI,199
LUGARI,483
LUGARI,510
CHEKALINI,523
KOROMAITI,572
MUKHUYU,470
LUGARI,394
LUGARI,373
SIRENDE,413
LUMAKANDA,648
LUMAKANDA,668
MUGUNGA,659
MUNYUKI,622
MARAKUSI,477
MANYONYI,601
MARAKUSI,387
MUSEMBE,539
ANGAYU,514
MUSEMBE,563
LUMAKANDA,435
MAUTUMA,369
MBAGARA,367
SIPANDE,370
MUKUYU,516
MLIMANI,480
MUKUYU,558
MWAMBA,469
MWAMBA,469
MATETE,644
LWANDETI,632
LWANDETI,582
LWANDETI,483
MABUYE,724
MATURU,696
MAHANGA,575
MATURU,793
MATETE,653
CHEVAYWA,712
KIVAYWA,784
VUYIKA,620
KILIBOTI,613
KILIBOTI,631
KULUMBENI,602
MATUNGU,606
KOYONZO,612
INDANGALASIA,507
ESHIRUMBWE,676
INDANGALASIA,407
KOYONZO,722
EJINJA,695
KOYONZO,764
NANYENI,694
LUNG'ANYIRO,602
LUNG'ANYIRO,608
MUNAMI,598
NAMAMALI,575
MIRERE,499
NAMAMALI,679
MATUNGU,601
KHALABA,526
KHALABA,428
MUSAMBA,701
KHOLERA,577
BULIMBO,843
KHOLERA,490
NAMULUNGU,537
MATUNGU,695
MAKALE,582
MATUNGU,760
MAYONI,747
MUMIAS EAST,778
EAST WANGA,753
EAST WANGA,654
BUMINI,772
MUNG'ANG'A,546
KHAUNGA,745
KHAUNGA,818
MAHOLA,685
SHIANDA,876
ELUCHE,730
SHIANDA,998
ISONGO,721
ISONGO,693
ISONGO,749
KHAIMBA,633
MALAHA,827
EBUSIA,950
MALAHA,723
MAKUNGA,697
MAKUNGA,771
MARABA,631
LUSHEYA,856
EKERO,"1,004"
EKERO,"1,147"
KAMASHIA,806
LUBINU,686
LUBINU,741
SHIBINGA,622
LUSHEYA,908
EMAKHWALE,"1,045"
LUSHEYA,836
MUMIAS WEST,706
MUMIAS,744
LUREKO,709
LUREKO,583
MATAWA,802
NABONGO,763
NUCLEUS,362
TOWNSHIP,"2,179"
WANGA SOUTH,679
BUCHIFI,666
BUCHIFI,695
MASINJIRA,635
BUKAYA,568
BUKAYA,594
MUKHUWA,544
MUSANDA,634
BUNGASI,538
MUSANDA,735
SHIKALAME,910
ESHIHAKA,"1,073"
ESHIKALAME,798
NAVAKHOLO,594
BUNYALA EAST,537
EAST BUNYALA,480
NAMIRAMA,510
SIYOMBE,432
SIVILIE,592
MUSAGA,557
SIVILIE,619
BUNYALA WEST,585
BUDONGA,542
BUDONGA,568
NANGANDA,520
BUNYALA WEST,726
LUSUMU,652
NDEREMA,815
SIDIKHO,494
KISEMBE,449
SIDIKHO,532
SISOKHE,585
KAMULI,540
KOCHWA,638
BUTSOTSO NORTH,626
BUTSOTSO NORTH,681
INGOTSE,627
MATIHA,729
BUTSOTSO WEST,588
ESUMEYIA,540
SHIKOMARI,623
SHINOYI,620
NAVAKHOLO,605
BUCHANGU,589
EMUHUNI,789
SIYENGA,383
NAMBACHA,611
BUCHANGU,604
MUKHWESO,753
NAMBACHA,593
SIRIGOI,557
VIHIGA,"1,047"
EMUHAYA,"1,091"
ELUKONGO,"1,053"
EMAKUNDA,"1,040"
EMMUKUNZI,926
EBUSUBI,"1,257"
EBUKHAYA,"1,128"
EBUSIRATSI,"1,132"
EKAITA,"1,366"
EMATSULI,897
ECHICHIBULU,"1,057"
EBUNANGWE,952
EBUSILOLI,"1,457"
EMUREMBE,902
EBUSAMIA,"1,017"
EMUHONDO,"1,011"
EBUKHUNZA,"1,040"
ESIBUYE,"1,186"
EMUSUTSWI,874
LUANDA (MULUKHORO),"1,121"
IPALI,"1,236"
EBUSIEKWE,"1,281"
ITUMBU,"1,826"
EMBALI,"1,067"
EMMUKOLA,972
ESIBAKALA,"1,085"
EBUKANGA,911
ESIKHUYU,817
EMMABWI,974
MULUNYENYA,896
TONGOI,"1,106"
ESSABA,"1,319"
EMUSIRE,"1,152"
ESSUNZA,"1,177"
EMANYINYA,"1,001"
ESIRULO,856
VIHIGA,"1,058"
VIHIGA,"1,058"
MUNGOMA,834
MADZUU,"1,184"
VIGULU,613
KISIENYA,"1,019"
MAHANGA,897
SOUTH MARAGOLI,817
IDELERI,779
CHAGENDA,727
MASANA,873
LUSIOLA,953
CENTRAL MARAGOLI,"1,349"
CHANGO,"1,404"
KIDUNDU,"1,145"
EMANDA,"1,309"
IKUMBA,"1,630"
LUGAGA,"1,009"
VUNANDI,"1,034"
MAGUI,"1,067"
MUHANDA,949
WAMULUMA,"1,637"
MBIHI,"1,865"
KEGOYE,"1,513"
CHAMBITI,"1,424"
SABATIA,"1,181"
SABATIA,"1,028"
NORTH MARAGOLI,"1,134"
DIGULA,"1,261"
MULUNDU,926
MUDETE,"1,540"
KIVAGALA,"1,000"
KIGAMA,"1,011"
WODANGA,"1,008"
GAIGEDI,"1,038"
MAMBAI,967
GAVUDIA,503
VOKOLI,"1,557"
LUSENGELI,"1,173"
BUSALI WEST,969
BUGINA,"1,094"
CHAMAKANGA,885
BUDAYWA,933
BUSALI EAST,972
ITEGERO,"1,019"
CHAVOGERE,864
KEDOLI,"1,081"
CHAVAKALI,"1,359"
IZAVA SOUTH,"1,546"
LYADUYWA,"1,630"
MUKINGI,"1,822"
DEMESI,"1,202"
IZAVA NORTH,"1,288"
MBALE,"1,606"
BUKULUNYA,"1,033"
MUNOYWA,"1,200"
WEST MARAGOLI,"1,295"
HAMUYUNDI,"1,158"
KEGONDI,"1,188"
SOLONGO,"1,427"
KISATIRU,"1,400"
CHAVAKALI,"1,352"
EVOJO,"1,083"
WALODEYA,"2,195"
IGUNGA,"1,267"
VIYALO,"1,141"
WANONDI,"1,146"
LUANDA,"1,265"
ESIMBERO,"1,159"
EMUSENJELI,"1,218"
EMUTSALWA,963
ESIANDA,"1,314"
KHUSIKULU,"1,643"
EBUBAYI,"1,032"
WAMASIOLO,996
EMATIBINI,998
ESIRABE,"1,111"
WEKHOMO,"1,268"
EMABUNGO,"1,685"
EBUHANDO,778
EBUSUNDI,"1,376"
EBULONGA,984
EBUKHUBI,"1,012"
EBULONGA,963
IBOONA,"1,302"
MUMBITA,"1,477"
EBWALI,"1,159"
EKWANDA,"1,343"
EBUSAKAMI,"1,684"
EMMUTSA,"1,596"
ENYAITA,"2,383"
ESABALU,"1,476"
MASENO,984
KAYILA,"1,008"
SUNRISE,"1,192"
MUSIKOMOLI,"1,233"
EMMALOBA,528
MUKHALAKHALA,"1,117"
EBWIRANYI,842
MWITUBWI,"1,345"
MWITAKO,934
EMASABA,"1,109"
EBUTSIMI,762
EBUTANYI,"1,208"
ESIANDUMBA,"1,344"
LUANDA TOWNSHIP,"2,234"
EBUSIKHALE,"2,696"
EBUSIRALO,"1,957"
EKAMANJI,"1,014"
HAMISI,"1,013"
JEPKOYAI,"1,031"
GISAMBAI,920
GALONA,814
GAMOI,971
GAVUNDUNYI,959
GIMOMOI,994
JEPKOYAI,"1,172"
TIGOI,"1,277"
KITAGWA,"1,528"
GIVOLE,"1,178"
KAPCHEMGUNG,946
TAMBUA,885
BANJA,872
GASIANGA,775
KIPCHEKWEN,830
KAPSOTIK,"1,085"
GIVOGI,792
TAMBUA,902
GAMALENGA,"1,522"
MWEMBE,749
GIMARAKWA,812
KIPTAIMES,806
IVOLA,825
CHEPSAGA,840
SIMBI,"1,042"
SHAMAKHOKHO,"1,199"
SHAMAKHOKHO,"1,252"
KISASI,"1,302"
SEREM,"1,253"
JIVOVOLI,"1,218"
SENENDE,"1,083"
SENENDE,"1,073"
KALWANI,"1,096"
SHAVIRINGA,"1,037"
SHAVIRINGA,"1,164"
SHIRU,"1,226"
MAKUCHI,"1,027"
JEPTULU,"1,274"
MUHUDU,905
MUHUDU,"1,143"
MULUNDU,780
KAPTECH,828
KAKAMEGA FOREST,1
KAKAMEGA FOREST,1
KAKAMEGA FOREST,1
KAKAMEGA FOREST,1
BUNGOMA,552
BUMULA,625
BUMULA,558
BUMULA,555
BUMULA,565
LUNAO,540
SOUTH BUKUSU,559
LUMBOKA,537
MATEKA,754
MUANDA,535
KABULA,565
KABULA,565
KABULA,646
WATOYA,493
KHASOKO,601
KHASOKO,625
KHASOKO,670
MUNGIORE,634
NAMATOTOA,596
MABUSI,585
KIMATUNI,623
MABUSI,555
KIMAETI,681
KIBUKE,683
KIBUKE,759
LWANJA,603
MAYANJA,693
NGOLI,710
KIMAETI,693
NAKHWANA,707
SYOMBE,683
MUKWA,688
KISAWAYI,686
MUKWA,691
NAPARA,655
BITOBO,715
KHASOLO,626
SIBOTI,688
EAST SIBOTI,679
MUSAKASA,696
BUNGOMA CENTRAL,764
MUKUYUNI,710
KUYWA,721
KUYWA,721
MUKUYUNI,699
KIBICHORI,712
MUKUYUNI,685
NALONDO,713
BWAKE,624
BWAKE,642
NALONDO,607
LUUYA,644
CHEKULO,593
LUUYA,683
NANGWE,987
NANGWE,815
WEST NALONDO,"1,125"
SIRARE,713
KASOSI,713
CHWELE,"1,061"
CHWELE,"1,420"
CHWELE,"1,420"
SICHEI,792
SICHEI,829
SIKULU,723
KABUCHAI,685
KABUCHAI,729
KABUCHAI,658
SIKUSI,782
KHACHONGE,604
NORTH NALANDO,604
KISIWA,728
KISIWA,728
NORTH BUKUSU,660
MUKHKWEYA,660
BUNGOMA EAST,702
NDIVISI,702
CHETAMBE,645
MITUKUYU,578
MIHUU,682
LUKUSI,564
LUTACHO,538
MISIMO,590
MUCHI,860
MARAKA,661
NANG'ENI,"1,327"
NAMARAMBI,810
MARINDA,"1,077"
MISEMWA,756
WABUKHONYI,782
MAKUSELWA,587
NDIVISI,669
MAGEMO,715
SINOKO,672
SITABICHA,630
BUNGOMA NORTH,633
CENTRAL,583
MILIMA,642
MILIMA,616
NABING'IENGE,653
MUKUYUNI,595
MALIKI,712
MUKUYUNI,527
NAITIRI,529
MAKHANGA,547
NAITIRI,504
MBAKALO,696
KABUYEFWE,637
KABUYEFWE,622
SIRAKARU,651
KIBISI,750
KIBISI,814
MUSEMBE,682
MBAKALO,723
KARIMA,696
MBAKALO,753
BUNGOMA SOUTH,896
BUKEMBE,606
BUKEMBE,606
BUKEMBE,"1,033"
KONGOLI,314
NAMIREMBE,679
NDENGELWA,820
NORTH SANG'ALO,940
EAST BUKUSU,662
EAST BUKUSU,725
BULONDO,733
NAMWACHA,639
RANJE,"1,170"
WEST SANG'ALO,636
MECHIMERU,647
EAST SANG'ALO,647
MWIBALE,564
KIMUGUI,577
MWIKHUPO,556
KANDUYI,"1,400"
BUNGOMA TOWNSHIP,"3,572"
BUNGOMA TOWNSHIP,"3,572"
KHALABA,"3,173"
KHALABA,"3,173"
KIBABII,988
TUUTI,988
MARAKARU,952
MARAKARU,780
MAYANJA,"1,154"
MUSIKOMA,"1,245"
NAMAMUKA,633
NAMASANDA,672
SAMOYA,880
SIO,948
SOUTH KANDUYI,"3,280"
CHEPTAIS,610
CHEPTAIS,688
CHEPKUBE,545
CHEBWEK,445
CHEPKUBE,668
CHEPTAIS,"1,020"
CHEPTAIS,844
NGACHI,"1,185"
CHESIKAKI,660
CHEMONDI,560
CHESIKAKI,837
TOROSO,530
SASUR,561
SASUR,561
KOPSIRO,550
CHONGEYWO,763
CHONGEYWO,673
KAPKURONGO,914
MASAEK,756
CHEPYUK,424
CHEPYUK,411
KAIMUGUL,480
KUBURA,373
EMIA,521
CHEPKURKUR,453
EMIA,640
KORNG'OTUNY,524
KAPKATENY,760
CHEPTONON,712
TEREM,698
TOYWONDET,833
KIMILILI,902
KAMUKUYWA/MAENI,885
KAMUKUYWA,"1,087"
KIMAKWA,939
MUSEMBE,"1,104"
NABIKOTO,"1,247"
KAMUSINDE,765
KAMASIELO,782
NASUSI,747
MAENI,721
KIBISI,721
SIKHENDU,720
MAKHONGE,912
MAKHONGE,873
MAPERA,981
MBONGI,912
KIMILILI,918
CHEBUKWABI,870
CHEBUKWABI,733
KAMUSINGA,"1,065"
KIBINGEI,683
KIBINGEI,682
KITAYI,684
KIMILILI RURAL,830
KHAMULATI,721
KIMILILI RURAL,909
KIMILILI TOWNSHIP,"1,840"
BITUYU,869
KIMILILI TOWNSHIP,"2,973"
MOUNT ELGON,624
KAPSOKWONY,695
ELGON,618
KAMTIONG,515
KIBUK,849
KIMOBO,495
KAMUNERU,764
KAMUNERU,844
SACHO,652
KAPSOKWONY,835
BUGAA,886
CHEMWEISUS,750
KAPSOKWONY,924
NOMORIO,619
KIPYETO,764
KOSHOK,587
NOMORIO,531
SAMBOCHO,727
KAPTAMA,564
CHEMOGE,450
CHEMOGE,464
CHEMSES,438
KABOYWO,587
CHESITO,512
KABOYWO,668
KAPTAMA,564
KABOROM,486
KAPTAMA,650
KONGIT,645
KAPTALELIO,568
KONGIT,713
BUNGOMA WEST,568
LWANDANYI,557
CHEBUKUYI,612
CHEBUKUYI,642
LWAKHAKHA,578
LWANDANYI,649
MAYEKWE,649
NAMUBILA,502
MACHAKHA,531
WAMONO,487
MALAKISI,554
BUKOKHOLO,518
BUKOKHOLO,533
BUTONGE,506
MALAKISI,714
KABASWANA,790
MWALIE,680
SITABICHA,540
NAMWESI,522
SITABICHA,561
TAMULEGA,446
NAMBUYA,512
TAMULEGA,387
NAMWELA,652
NAMWELA,715
CENTRAL NAMWELA,759
MENU,663
TOLOSO,604
KOLANI,419
SIBUMBA,837
SOUTH NAMWELA,632
SIRISIA,523
BISUNU,462
CHONGONYI,496
LUTASO,478
SOUTH KULISIRU,414
KAISAMO,486
NDAKARU,486
SIRISIA,682
NORTH KULISIRU,682
TONGAREN,542
NDALU,472
KIMININI,410
KIMININI,412
TABANI,408
MITUA,675
MISANGA,683
MITUA,669
NDALU,443
MULIRO,443
NDALU,444
TONGAREN,640
KAKAMWE,630
KAKAMWE,630
SOYSAMBU,659
NARATI,703
SOYSAMBU,606
TONGAREN,623
MABUSI,575
TONGAREN,659
WEBUYE WEST,638
BOKOLI,583
BOKOLI,611
BOKOLI,619
MAHANGA,602
MIENDO,561
MATISI,587
MIENDO,542
WEBUYE,660
KITUNI,650
KITUNI,587
SIRISIA,740
MALAHA,634
LUGULU,802
MALAHA,519
SIRENDE,775
MISIKHU,808
MUKHE,712
NAMBAMI,843
SIRENDE,734
SITIKHO,433
KHALUMULI,288
MILO,554
SITIKHO,577
WEBUYE,"1,359"
MATULO,839
TOWNSHIP,"3,505"
MT. ELGON FOREST,6
MT. ELGON FOREST,6
MT. ELGON FOREST,6
MT. ELGON FOREST,6
BUSIA,526
BUNYALA,447
BUDALANGI,409
BUNYALA EAST,382
BUDALANGI,389
MUDEMBI,338
RUAMBWA,422
BUNYALA NORTH,491
BUDUBUSI,526
MUNDERE,329
SISENYE,647
LUGALE,298
BUNYALA CENTRAL,333
MAGOMBE CENTRAL,242
MAGOMBE EAST,381
MAGOMBE WEST,427
BUNYALA SOUTH,471
MABINJU,576
RUKALA,405
KHAJULA,574
LUGALE,593
RUGUNGA,555
OBARO,97
EBULWANI,72
OBARO,120
TOWNSHIP,"1,269"
BULEMIA,"1,356"
MAGOYE,"1,695"
BULEMIA,978
BUBANGO,"1,709"
BUNYALA WEST,"1,227"
BUKANI,"2,148"
BUKOMA,"1,027"
SIGINGA,826
BUSIA,727
BUKHAYO WEST,570
BUKHAYO WEST,643
BUGENG'I,527
ESIKULU,795
BUSIBWABO,479
ALUNG'OLI,596
NAKHAKINA,554
SIKOMA,320
MUNDIKA,547
MUNDIKA,547
NASIRA,451
NASIRA,469
NYIBURA,436
TOWNSHIP,"2,133"
BUSIA TOWNSHIP,"2,133"
BULANDA,"1,126"
MABALE,"1,132"
MAYENJE,654
MJINI,"4,533"
MATAYOS,523
LUNG'A,503
LUNG'A,485
SIKHABWA,530
LWANYA,577
BUSENDE,482
IGERO,681
LULIBA,610
MURENDE,444
MADELE,382
MURENDE,532
NAMIKOYE,456
NANG'OMA,566
MUYAFWA,645
NANG'OMA,501
SYAMAKHANGA,536
NASEWA,474
BUYAMA,373
INDOLI,615
MABUNGE,627
BUTULA,568
BUTULA,568
BUJUMBA,562
BUJUMBA,599
BURINDA,529
IKONZO,634
NAMWITSULA,468
BUMALA,770
BUKHAKHALA,483
BUMALA'A',"1,132"
BUSIRE,869
ELUGULU,494
BULEMIA,590
BULWANI,458
BWALIRO,412
EMUKHWESO,562
NAMUSALA,490
ELUKHARI,597
BUKATI,572
KANJALA,496
SIKARIRA,714
MARACHI CENTRAL,590
BUKHALALIRE,664
ESIKOMA,530
KINGANDOLE,605
MARACHI EAST,542
BUMALA 'B',598
ELUKONGO,516
TINGOLO,532
NAMBALE,469
NAMBALE,469
BUKHAYO CENTRAL,450
LWANYANGE,453
MALANGA,394
SIDENDE,503
BUKHAYO EAST,426
BUYOFU,379
MADIBO,472
MUNGATSI,409
SIKINGA,441
BUKHAYO NORTH,486
KAPINA,504
LUPIDA,468
TOWNSHIP,557
KISOKO,455
NAMBALE,638
SIEKUNYA,538
WALATSI,379
KHWIRALE,387
MUSOKOTO,367
SAMIA,408
FUNYULA,408
AGENGA,346
AGENGA,339
BUKIRI,282
OJIBO,380
SIGALAME,366
BWIRI,386
BUSEMBE,495
BUSIJO,470
HAKATI,346
NAMUDURU,316
NAMBOBOTO,504
BULOMA,527
LUANDA,471
MUDOMA,617
NAMBOBOTO,659
NYAKHOBI,390
NAMBUKU,425
GANJALA,386
LUDACHO,420
LUGALA,423
MANGO,393
SIBINGA,500
NANGOSIA,409
BUKHULUNGU,372
LUCHULULO,410
SIGULU,453
SIREKERESI,418
NANGUBA,366
BUJWANGA,485
NANDEREMA,285
RUMBIYE,309
ODIADO,483
BUDALANGA,397
KABWODO,322
ODIADO,417
WAKHUNGU,715
TESO NORTH,529
AMAGORO,647
AKADETEWAI,"2,990"
KOMIRIAI,"4,562"
OLOBAI,"3,646"
TOWNSHIP,"1,910"
AMAGORO,687
AMAGORO,767
IKAPOLOK,587
AMONI,866
AKIRIAMASIT,822
KAJEI,916
KAMOLO,458
KAMOLO,410
KODEDEMA,487
ONYUNYUR,472
KAMURIAI,587
KORISAI,643
OSASAME,508
KOCHOLIA,525
KENGATUNYI,422
KOCHOLIA,677
KOTEKO,485
KOKARE,426
KIRIKO,555
KOKARE,352
OKULEU,400
KAKOLI,302
OKULEU,542
OSAJAI,527
KORURUMA,493
ONYUNYUR,556
ANGURAI,441
ABOLOI,375
AEDOMORU,361
AKACHACHAT,389
MWARI,366
ANGURAI,486
ADANYA,624
CHELELEMUK,505
KATOTOI,329
KAKURIKIT,521
CHAMASIRI,394
CHAMASIRI,361
KAKEMER,421
CHANGARA,522
AKOBWAIT,518
ATERAIT,493
CHANGARA,587
KAKAPEL,445
KAKAPEL,430
KEKALET,472
KATAKWA,416
AKOLONG,414
KATELEPAI,474
RWATAMA,399
KOLANYA,392
ALOETE,331
KOLANYA,449
MODING,446
ADUMAI,417
APOKOR,404
KOLAIT,469
MODING,489
TESO SOUTH,555
AMUKURA,443
AKOREET,429
ADEREMA,291
AKOREET,529
OKOOK,424
AMUKURA,539
AMUKURA,596
ATURET,459
KOCHEK,566
APATIT,375
APATIT,350
MORUKAMOSING,408
AREMIT,528
AKIRIAMAS,538
ODIOI,503
OSURET,543
KALIWA,468
KALIWA,430
OKATEKOK,505
KAUJAKITO,455
APOKOR,491
KAMUNUOIT,368
KATELENYANG,520
KOTUR,355
KIDERA,374
KOTUR,340
KWANGAMOR,394
AKOBWAIT,496
KWANGAMOR,297
OKISIMO,389
CHAKOL,684
ANG'OROM,"1,621"
AGOLOT,"3,939"
ALUPE,574
AMERIKWAI,"2,472"
AMONG'URA,555
ALOMODOI,556
OBUUCUN,555
ONG'ARIAMA,555
ASING'E,429
ACIIT,551
ALUDEKA,392
NG'ELECHOM,413
OCHUDE,569
OLEPITO,549
OTIMONG,584
OKAME,570
ADUNGOSI,691
AMAASE,528
ONG'AROI,519
OKILUDU,527
OKILUDU,527
APEGEI,483
AKITES,489
ATERAIT,552
MORUKARISA,378
SIAYA,393
SIAYA,375
KAREMO,445
SIAYA TOWNSHIP,"1,008"
MULAHA,792
KARAPUL,"1,597"
NYANDIWA,780
EAST ALEGO,437
OLWA,525
UMALA,443
ULAFU,369
SOUTH ALEGO,246
PAP ORIANG,331
BAR OLENGO,176
RANDAGO,266
NYAJUOK,275
BAR OSIMBO,243
BARDING,532
MUR MALANGA,125
SOUTH EAST ALEGO,454
MASUMBI,333
BAR AGULU,548
MUR NGIYA,735
NYANGOMA KOGELO,374
BORO,339
CENTRAL ALEGO,326
KOYEYO,380
KOCHIENG A,407
KOCHIENG B,384
OJWANDOA,201
OJWANDOB,423
KAKUM-KOMBEWA,380
NORTH ALEGO,452
NYALGUNGA,431
NYAMILA,353
HONO,533
KOMOLO,468
SOUTH CENTRAL ALEGO,207
OBAMBO,268
KADENGE,173
URANGA,317
USONGA,265
SUMBA,150
NYADORERAA,466
NYADORERAB,354
SOUTH WEST ALEGO,303
SIGOMA URANGA,354
KAUGAGI UDENDA,362
KABURA UHUYI,374
KAUGAGI HAWINGA,207
GANGU,286
WEST ALEGO,419
KOMENYA KOWALA,416
KOMENYA KALAKA,383
MAHOLA ULAWE,474
KALKADA URADI,404
KODIERE,446
GEM,444
WAGAI,376
SOUTH GEM,403
KAMBARE,408
ONYINYORE,343
RERA,415
NDORI,469
GOMBE,368
SOUTH WEST GEM,350
KAUDHA WEST,310
KAUDHA EAST,312
KANYADET,422
WEST GEM,265
DIENYA WEST,259
DIENYA EAST,273
NGUGE,258
NORTH EAST GEM,436
WAGAI WEST,649
WAGAI EAST,466
URIRI,265
ULAMBA,547
NORTH WEST GEM,391
MALUNGA CENTRAL,368
MALUNGA WEST,379
MALUNGA EAST,559
ASAYI,343
SIREMBE,421
YALA,507
YALA TOWNSHIP,660
NYAMNINIA,709
JINA,578
BAR SAURI,752
ANYIKO,651
MARENYO,635
EAST GEM,391
URANGA,295
LIHANDA,373
RAMULA,512
NORTH GEM,487
MALANGA,494
LUNDHA,459
GOT REGEA,432
NYABEDA,317
NDERE,379
MALIERA,866
CENTRAL GEM,498
NYAWARA,711
NYANDIWA,451
GONGO,425
KAGILO,483
SIRIWO,538
UGENYA,415
UKWALA,426
UKWALA,471
DOHO WEST,377
DOHO EAST,681
SIRANGA,538
SIMUR,424
SIMUR EAST,428
SIMUR KONDIEK,400
YENGA,451
WEST UGENYA,341
SIFUYO EAST,434
SIFUYO WEST,450
MASAT EAST,266
MASAT WEST,393
NORTH WEST UGENYA,345
NDENGA,372
KARADOLO EAST,330
KARADOLO WEST,327
NORTH UGENYA,502
UYUNDO,352
SEGA,573
KAGONYA,564
NYALENYA,483
SIHAY,402
NORTH EAST UGENYA,420
LIGEGA,571
RAMUNDE,347
ANYIKO,467
LIGALA,409
SIHAY,318
JERA,443
NYAMSENDA,469
EAST UGENYA,370
KATHIENO A,442
KATHIENO B,328
KATHIENO C,351
UGUNJA,519
UGUNJA,545
CENTRAL UGENYA,536
AMBIRA,740
NGUNYA,441
UMALA,480
WEST UHOLO,639
UGUNJA,970
MAGOYA,381
NORTH RAMBULA,487
SOUTH RAMBULA,487
SOUTH UGENYA,493
RANGALA,563
SIMENYA,496
RUWE,480
YIRO EAST,464
YIRO WEST,426
UHUYI,681
SIGOMERE,473
EAST UHOLO,514
GOT OSIMBO,418
MADUNGU,515
MUNGAO,503
SIGOMERE,682
NORTH UHOLO,433
EAST ASANGO,460
WEST ASANGO,413
TINGARE EAST,484
TINGARE WEST,382
BONDO,330
MARANDA,381
BONDO TOWNSHIP,505
NYAWITA,550
AJIGO,332
BAR KOWINO,560
WEST SAKWA,217
MARANDA,285
USIRE,191
SOUTH WEST SAKWA,166
KAPIYO,163
UTONGA,170
NORTH SAKWA,395
BARCHANDO,431
ABOM,367
NYANGOMA,292
SOUTH SAKWA,308
GOT ABIERO,249
NYAGUDA,515
EAST MIGWENA,190
CENTRAL SAKWA,282
NYANGOMA,234
UYAWI,293
WEST MIGWENA,252
NDEDA OYAMO,"1,757"
USIGU,315
EAST YIMBO,247
NYAMONYE,250
OTHACH,174
PALA,318
WEST YIMBO,779
GOT AGULU,529
USENGE,934
CENTRAL YIMBO,177
GOT RAMOGI,117
USIGU,264
NORTH YIMBO,98
BAR KANYANGO,98
MAGETA,929
MITUNDU,713
MAHANGA,"1,038"
RARIEDA,379
MADIANY,340
EAST UYOMA,314
EAST KATWENGA,266
WEST KATWENGA,309
OCHIENGA,284
RAGENG'NI,492
CENTRAL UYOMA,314
KOBONG',427
MASALA,269
RACHAR,276
WEST UYOMA,357
KAGWA,612
KOKWIRI,293
NYABERA,292
SOUTH UYOMA,369
LIETA,293
NAYA,528
NDIGWA,318
RARIEDA,427
EAST ASEMBO,498
OMIA MALO,497
OMIA DIERE,529
OMIA MWALO,469
CENTRAL ASEMBO,470
MEMBA,448
NORTH RAMBA,591
SOUTH RAMBA,342
WEST ASEMBO,374
SIGER,357
MAHAYA,419
SOUTHASEMBO,345
NYAGOKO,349
AKOM,335
KISUMU,554
KISUMU EAST,"1,560"
WINAM,"1,560"
KAJULU EAST,953
KADERO,"1,251"
OKOK,"1,376"
GOT-NYABONDO,533
KAJULU WEST,"1,862"
WATHOREGO,"2,468"
KONYA,"1,475"
KOLWA CENTRAL,"1,876"
NYALUNYA,"1,611"
KASULE,"2,086"
KOLWA WEST,"10,089"
NYALENDAA,"8,142"
MANYATTA B,"12,876"
KOLWA EAST,532
BUOYE,379
MAYENYA,688
CHIGA,589
KISUMU CENTRAL,"4,737"
WINAM,"4,737"
TOWN,"2,222"
KALOLENI,"8,091"
BANDARI,738
SOUTHERN,"1,734"
NORTHERN,"4,658"
KANYAKWAR,"2,133"
KONDELE,"14,681"
MANYATTA 'A',"19,865"
MIGOSI,"12,044"
NYAWITA,"9,334"
NYALENDAB,"6,121"
NYALENDAB,"6,121"
KISUMU WEST,827
MASENO,655
WEST KISUMU,536
NEWA,466
LOWER KADONGO,608
UPPER KADONGO,434
SOUTH KAPUONJA,684
NORTH KAPUONJA,540
NORTH WEST KISUMU,826
EAST KARATENG',572
WEST KARATENG',923
SUNGA,"1,011"
MARERA,864
OTONGLO,790
SOUTH WEST KISUMU,591
OJOLA,734
OSIRI,510
KANYAWEGI,536
CENTRAL KISUMU,"1,407"
KORANDO A,"1,615"
KORANDO B,"1,171"
NYAHERA,"1,169"
NORTH KISUMU,730
BAR A,816
BAR B,582
NYAHERA,783
EAST KISUMU,"1,754"
KOGONY,"2,578"
DAGO,726
MKENDWA,"1,205"
SEME,454
KOMBEWA,454
NORTH CENTRAL SEME,401
KADERO,366
KATIENO EAST,492
KOWE NORTH,388
KOWE SOUTH,421
KATIENO WEST,367
OTWENYA,475
NORTH RATTA,543
EAST KOLUNJE,502
WEST KOLUNJE,391
SOUTH RATTA,406
EAST SEME,453
KIT MIKAYI,535
KOKER KAJULU,413
KAILA,408
WEST SEME,418
WEST RERU,391
EAST RERU,409
WEST NGERE,441
EAST NGERE,499
SOUTH CENTRAL SEME,511
LOWER KOMBEWA,437
EAST OTHANY,471
WEST OTHANY,643
UPPER KOMBEWA,634
EAST KANYADWERA,404
WEST KANYADWERA,523
SOUTH WEST SEME,452
NORTH ALUNGO,300
ANGONGA,363
WEST KADINGA,574
ALWALA,693
EAST KADINGA,358
SOUTHALUNGO,533
MUHORONI,234
MIWANI,277
OMBEYI,339
OBUMBA,288
KORE,555
RAMULA,325
IRRIGATION,298
KANGO,292
NYANGOMA,377
SIDHO EAST II,394
WANGAYAI,425
KAMSWA SOUTH,314
NORTH EAST KANO,418
KABAR EAST,376
KABAR CENTRAL,436
SIDHO EAST I,359
KAMSWA NORTH,353
WANGAYA II,463
KABAR WEST,597
MIWANI,73
MIWANI CENTRAL,23
MIWANI WEST,219
MIWANI EAST,36
MIWANI NORTH,44
MUHORONI,192
KORU,257
KORU CENTRAL,483
NYANDO,162
HOMALIME,204
CHEMELIL,165
CHEMELIL,127
NYANGORE,64
WEST SONGHOR,254
KIBIGORI,398
GOD NYITHINDO,214
TONDE,212
OREGO,216
MUHORONI,283
MUHORONI EAST,"2,029"
OWAGA,152
TAMU,182
EAST SONGHOR,188
UPPERTAMU,158
LOWER TAMU,230
GOD ABUORO,149
FORT-TERNAN,137
KANDEGE,111
OCHORIA,156
NYANDO,362
KADIBO,425
KAWINO NORTH,310
KOLAL,608
KAPIYO,937
KABONYO IRRIGATION,132
KAWINO SOUTH,386
KADHIAMBO,211
KWAKUNGU,820
NDURU,893
UGWE,334
KOCHIENG' WEST,895
NORTH NYAMWARE,907
SOUTH NYAMWARE,876
KOCHIENG' EAST,462
OKANA,274
RABUOR,654
KOBURA,537
MASOGO,430
LELA,681
BWANDA,555
UPPER BWANDA,681
CENTRAL BWANDA,403
KATHO,503
KOTIENO,444
KAMAGOYA,617
KANYAGWAL,148
OGENYA,111
ANYURO,287
NYANDO,325
AWASI,307
BORDER II,298
AYUCHA,812
BORDER I,256
WANG'ANGA,152
KAKOLA,697
KAKOLA AHERO,"1,041"
KAKOLA OMBAKA,171
TURA,"1,894"
EAST KANO,190
KATOLO,165
ACHEGO,266
KACHOGO,635
KACHOGO CENTRAL,685
KACHOGO NORTH,740
KACHOGO SOUTH,526
ONJIKO,360
KAKMIE,315
KOBONGO,437
WAWIDHI,155
AYWEYO,162
NYAKONGO,199
MAGINA,126
NYAKACH,460
UPPER NYAKACH,524
SOUTH WEST NYAKACH,316
WEST KADIANGA,316
SOUTH NYAKACH,594
SIANY,594
OBOCH,478
GARI,376
KAJIMBO,528
SIGOTI,521
RAMOGI,521
SOUTH EAST NYAKACH,974
EAST KADIANGA,974
KOGUTA,514
KOGUTA EAST,514
LOWER NYAKACH,464
NORTH NYAKACH,399
GEM RAE,379
GEM NAM,439
RANGUL,393
KASAYE,789
WASARE,345
EAST NYAKACH,489
KANDARIA,485
MICHURA,505
PAP ONDITI,408
EAST KABODHO,417
MORO,400
OLEMBO,401
CENTRAL NYAKACH,534
JIMO WEST,555
OLWALO,482
KABODHO WEST,460
WEST KABODHO,460
NYALUNYA,290
NORTH KABODHO,290
ASAO,427
RARIEDA,376
LISANA,468
AGORO WEST,"1,638"
AGORO WEST,"1,638"
KANDARIA WEST,541
WEST KANDARIA,541
NORTH NYAKACH,414
NORTH EAST NYAKACH,431
AGORO EAST,319
AWACH,592
JIMO EAST,399
JIMO EAST,399
AGORO WEST,404
ATOYIENGO,404
WEST NYAKACH,389
BOLO,585
UPPER KADIANGA,512
KAJIMBO RACHIER,788
THURDIBUORO,413
KOGUTA WEST,441
CENTRAL KOGUTA,390
WEST NYAKACH,448
NYONGONGA,494
LOWER KADIANG'A,410
ANDINGO KASAYE,189
ANDINGO OPANGA,189
HOMA BAY,359
HOMA BAY,645
ASEGO,645
ARUJO,"1,849"
ARUJO,"1,849"
EAST KANYADA,511
KOBUOLA/ KOGWANG,511
HOMA BAY TOWN,"2,465"
HOMA BAY TOWNSHIP,"3,022"
ASEGO,"2,205"
KALANYA KANYANGO,693
KALANYA KANYANGO,693
KANYABALA,334
NORTH KANYABALA,345
SOUTH KANYABALA,314
KANYACH KACHAR,427
KANYACH KACHAR,427
KOTHIDHA,363
KOTHIDHA,363
WEST KANYADA,409
KATUMA,425
KOTIENO,382
NDHIWA,306
KOBODO,290
KAJWANG,267
GOYO,199
KAJWANG,331
NORTHEAST KANYAMWA,282
EAST KOCHIENG,303
WEST KOCHIENG,259
SOUTH KANYAMUA,346
KACHOLA,346
SOUTH EAST KANYAMWA,351
KADWET,351
NORTH KANYAMWA,260
KAKAETA,275
KOMUNGU,250
KOBAMA,259
CENTRAL KWABWAI,372
NYAMOS,320
RATANGA,437
EAST KWABWAI,252
KACHUTH,265
KAMDAR KAWANGA,295
KITIRO,208
NORTH KWABWAI,230
NORTH KADONDO,213
WACHARA,236
RACHAR,208
RACHAR,208
SOUTHWEST KWABWAI,278
KASIRIME,278
WEST KWABWAI,255
KADHOLA,244
KASIRIME KAWANGA,278
RIANA,359
CENTRAL KABUOCH,383
KARADING,383
EAST KABUOCH,389
KAWERE,310
KAWUOR,399
KONYANGO,428
NORTH KABUOCH,362
KACHWANYA,351
KONYANGO,375
WEST KABUOCH,364
EAST KACHIENG,364
WEST KACHIENG,273
WEST KACHIENG,273
NDHIWA,287
CENTRAL KANYAMWA,223
LOWER KWANDIKU,220
UPPER KWANDIKU,224
EAST KANYAMWA,273
LOWER KABONYO,343
UNGA,270
UPPER KABONYO,241
LOWER KAYAMBO,624
LOWER KAYAMBO,624
UPPER KAYAMBO,206
UPPER KAYAMBO,206
WEST KANYAMWA,233
LOWER KWAMO,226
UPPER KWAMO,240
NYARONGI,323
CENTRAL KANYADOTO,397
NORTH KAGANDA,530
RAPEDHI/WANJAWA,376
SOUTH KAGANDA,325
NORTH KANYIEKELA,288
OLASI,309
ONGARO,259
SOUTH KANYIKELA,357
SOUTH KANYIKELA,357
WEST KANYADOTO,293
NORTH KABURA,381
ODHIAMBO RAMBO,328
SOUTH KABURA,244
PALA,333
KAMENYA,418
KAMENYA,418
KOBITA,273
KOBITA,273
KOGUTA,329
BOYA,367
OGANDI,300
SOUTH KABUOCH,390
KAGURIA,390
RACHUONYO NORTH,410
EAST KARACHUONYO,416
CENTRAL KARACHUONYO,379
KOGEMBO,463
KOGWENO KAWUOR,342
KAMSER NYAKONGO,356
KAMSER 'A',420
KAMSER 'B',362
KODONDI,262
KANYALUO EAST,336
KOWUOR EAST,308
KOWUOR WEST,404
KOGWENO ORIANG,431
KOGWENO ORIANG EAST,454
KOGWENO ORIANG WEST,410
NORTH EAST KARACHUONYO,626
KONYANGO,617
KONYANGO MAJIERI,936
KOTIENO,392
LOWER KAKWAJUOK,"1,311"
NORTH KARACHUONYO,404
KANYADHIANG',433
LOWER KAKWAJUOK,818
UPPER KAKWAJUOK,287
SOUTH KANYALUO,299
CENTRAL KAMENYA,285
NORTH KAMENYA,397
SOUTH KAMENYA,230
WEST KANYALUO,550
KOBILA,560
KOMUOYO,541
WANG'CHIENG,434
KARABONDI,377
KARABONDI EAST,365
KARABONDI WEST,385
KOBUYA,363
KOBUYA EAST,324
KOBUYA WEST,460
RAMBIRA,511
KAGWA,546
KAMSER-SEKA,490
WANG'CHIENG,469
KAJIEI,361
KAMWALA,645
KOBALA,402
RAKWARO,734
WEST KARACHUONYO,393
EAST KAKDHIMU,348
KALWAL,137
KAMUGA,500
KAWITI,364
KANAM 'A',320
KANYADENDA,314
KOGUTA,370
KOWUOR,289
KANAM 'B',413
KANYANGO,531
RABUOR,346
KANJIRA,500
KADIK,378
KAMWANIA,853
KOCHOLA,546
KOKIDI,425
KANYIPIR,526
KODERO,572
KOWILI,424
KOBIERO,560
WAGWE NORTH,547
WAGWE SOUTH,572
KOKOTH KATAA,267
KOKOTH B,195
KOREDO,572
KOKOTH KATENG,376
KAKOKO,408
KOYUMBRE,340
KOYUGI,412
KAMUGA,438
KATONDE,243
KOJWANG,509
OUKO ONDENGE,451
WADHGONE NYONGO,434
KANYONGO,593
KAWADHGONE,375
WEST KAKDHIMU,362
KAYOO CENTRAL,456
KAYOO EAST,467
KAYOO WEST,305
RACHUONYO EAST,486
KABONDO,485
ATELA,712
KODUMO EAST,712
KASEWE,518
KASEWE 'A',508
KASEWE 'B',527
KAWUOR,519
KODHOCH EAST,691
KOWIDI,790
MIRIU,356
KODOCH WEST,417
LOWER KODHOCH WEST,422
UPPER KODHOCH WEST,413
RAMBA,369
KAKANG'UTU WEST,315
KODUMO WEST,442
KILUSI,399
WANG'CHIENG,518
KAKANG'UTU EAST,491
RONGO PALA,545
RAMULA,391
KOWIDI WEST,447
KAKUMU,332
KASIPUL EAST,486
KAKELO,449
KAKELO DUDI,542
KAKELO KAMROTH,398
KOJWACH,586
KAMUGA,540
KAWERE,606
KOJWACH KAMIORO,634
KOJWACH EAST,558
KOJWACH EAST,558
KOKWANYO EAST,435
KOKWANYO EAST,435
KOKWANYO WEST,421
KOKWANYO WEST,421
RACHUONYO SOUTH,511
CENTRAL KASIPUL,394
KACHIEN NORTH,391
KACHIEN NORTH,391
KACHIEN SOUTH,438
KACHIEN SOUTH,438
NORTH KAMAGAK,386
KAWERE EAST,291
KAWERE WEST,450
NYALENDA,421
OYUGIS,802
EAST KAMAGAK,548
KACHIENG,548
OYUGIS TOWN,"3,765"
OYUGIS TOWN,"3,765"
SINO KAGOLA,328
SINOKAGOLA,328
WEST KAMAGAK,811
KAMUMA,986
OBISA,642
WEST KASIPUL,435
KODERA NORTH,249
KAMIYAWA,313
KASIRE KOGELO,225
KOPIYO KALANDING,234
KODERA SOUTH,328
KADEL/KAMIDIGO,279
KARABACH,407
KOKECH,534
KASIMBA,868
KAWINO,436
KONUONGA,480
KOTIENO KOCHICH,541
KOTIENO KONUONGA,434
KOWIDI,752
KANYANGO,660
KOKAL,866
RANGWE,429
NORTH NYOKAL,432
CENTRAL KOCHIA,415
KORAYO,457
KOWILI,389
EAST KAGAN,324
KANYARWANDA,307
KOMENYA,336
EAST KOCHIA,378
KAMENYA,378
GONGO,464
GONGO,464
KAGAN SOUTH,477
KAGAN SOUTH,477
WEST KAGAN,456
KANYIRIEMA,438
KOKOKO,490
WEST KOCHIA,666
KANAM,713
KAURA,614
RANGWE,427
EAST GEM,475
KOYOLO,475
GEM CENTRAL,579
KAJULU,579
GEM WEST,421
KAMAGAWI,399
KANYANJWA,434
GENGA,434
GENGA,434
KOMOLO,352
KOMOLO,352
KOTIENO,313
KOTIENO,313
SUBA NORTH,307
LAMBWE,189
LAMBWE EAST,190
NYAMAJI EAST,217
NYAMAJI WEST,191
RURI EAST,182
RURI WEST,180
LAMBWE WEST,188
GOD JOPE,182
OGONGO,195
MBITA,283
GEMBE CENTRAL,152
KAMRERI EAST,145
KAMRERI WEST,159
GEMBE EAST,306
KAYANJA,338
NGODHE,283
USAO,319
WAONDO,272
GEMBE WEST,353
KASGUNGA CENTRAL,161
KASGUNGA EAST,196
MBITA TOWNSHIP,739
MFANGANO,364
MFANGANO EAST,579
WAKINGA,579
MFANGANO NORTH,336
SOKLO NORTH,91
WAWARE,417
MFANGANO SOUTH,566
WAKULA SOUTH,566
MFANGANO WEST,236
SOKLO SOUTH,125
WAKULA NORTH,271
RUSINGA,685
RUSINGA EAST,754
WAWARE NORTH,984
WAWARE SOUTH,396
RUSINGA WEST,632
KAMASENGERE EAST,499
KAMASENGERE WEST,"1,126"
KASWANGA,471
WANYAMA,552
SUBA SOUTH,193
CENTRAL,229
KAKSINGIRI EAST,135
SUMBA EAST,116
SUMBA WEST,151
KAKSINGIRI CENTRAL,663
NYAMARANDI,308
SINDO,"1,000"
KAKSINGIRI WEST,198
NYAMRISRA,259
RANG'WA EAST,174
RANG'WA WEST,185
RUMA,147
NYADENDA,117
NYATOTO,165
GWASSI,243
GWASSI CENTRAL,242
KIABUYA,235
MAGUNGA,250
NYANCHA,392
SAMBA,175
GWASSI EAST,157
KIBWER,152
SEKA,163
GWASSI NORTH,270
KISAKU,218
KITAWA,232
MALONGO,247
NYAGWETHE,272
UTERERE,484
GWASSI SOUTH,184
LWALA,161
OWICH,229
GWASSI WEST,396
NYANDIWA,737
TONGA,198
RUMA GAME PARK,
RUMA GAME PARK,
RUMA GAME PARK,
MIGORI,427
AWENDO,459
AWENDO,478
AWENDO,739
KOMBOK NORTH,527
KOMBOK SOUTH,"1,013"
CENTRAL SAKWA,481
KAMAURE,511
KANYAGWALA,526
KASIDULA,362
EAST SAKWA,318
EAST KOGELO,418
SOUTH KOGELO,246
WEST KOGELO,318
WAWARE,465
WAWARE,406
WAWARE CENTRAL,579
WAWARE NORTH,591
DEDE,460
KADERA KWOYO,348
KADERA KWOYO,521
KADERA KWOYO EAST,222
NORTH EAST SAKWA,607
KADERA LWALA,702
KANYASREGA,473
NORTH SAKWA,351
KAKMASIA EAST,382
KAKMASIA WEST,334
RABONDO,488
RABONDO,488
WEST SAKWA,466
KAMRESI,441
NORTH KANYAMGONY,524
SOUTH KANYAMGONY,429
MARIWA,389
SOUTH SAKWA,364
CENTRAL ALEGO,479
EAST ALEGO,349
NYARAGO,322
WEST ALEGO,321
WAUNDHA,452
WAUNDHA,535
WAUDHA WEST,375
KURIA EAST,516
CHINATO,416
KEBAROTI,307
KEBAROTI,307
KOMOTOBO,455
KEBARISIA,460
KOMOTOBO,450
NYABASI SOUTH,395
MOSWETO,412
NYAROHA,373
NYABASI WEST,436
KEMAKOBA,403
NYABIKONGORI,476
TEBESI,465
KEGONCHE,592
TEBESI,402
KEGONGA,410
MAETA,382
NYAITARA,329
SANCHAWA,456
NGURUNA,316
GETONGOROMA,361
GIRIGIRI,270
NYABASI CENTRAL,584
KEGONGA,774
NYAMANCHE,400
NYABASI EAST,482
SAKURI,386
NYAMAGONGWE,557
NYABASI NORTH,427
KUGITIMO,576
NYAMAGENGA,351
KWIHO,"1,024"
BWIREGE EAST,976
GAIRORO,793
MASANGORA,"1,400"
GWITEMBE,"1,264"
GWITEMBE,"1,249"
SERONGA,"1,276"
SIABAI,925
MAKONGE,874
SIABAI,983
NTIMARU,654
BWIREGE CENTRAL,851
BONGEBO,602
NTIMARU,"1,093"
BWIREGE WEST,578
MAKARARANGWE,633
MATARE,489
ITONGO,421
ITONGO,420
SAGATI,424
WANGIRABOSE,672
TARAGAI,511
WANGIRABOSE,789
KURIA WEST,527
IKEREGE,361
BUKIRA CENTRAL,399
GWIKONGE,408
KOMOMANGE,387
BUKIRA NORTH,333
IKEREGE,439
KIOMAKEBE,253
KURUTIYANGE,334
ISIBANIA,"1,202"
BUKIRA WEST,"1,658"
NYABIKAYE,723
NYAMAHARAGA,"4,044"
MAKERERO,628
NYAMETABURO,564
NYANG'ITI,711
KEHANCHA,590
BUKIRA EAST,843
IGENA,"1,153"
TARANG'ANYA,433
BUKIRA SOUTH,463
MASANGORA,493
NYAMOTAMBE,432
GOKEHARAKA,400
IHORE,427
NYAMARANYA,362
MABERA,505
BUGUMBE SOUTH,564
ISIBANIA,667
KOMOSOKO,486
BUNGUMBE WEST,379
IRAHA,341
MOHETO.,366
NGOCHONI,397
TAGARE,699
MABERA,903
NGISIRU,495
MASABA,374
BUGUMBE CENTRAL,325
GETONGANYA,332
NYANCHABO,315
BUGUMBE NORTH,424
MASABA,433
NYAMAGAGANA,415
BUNGUMBE EAST,394
NYANGOGE,343
NYANKORE,421
KOMBE,327
KOMBE,328
SAGEGI,326
NYATIKE,260
GOT KACHOLA,268
AMOYO CENTRAL,235
AMOYO,235
ANEKO,295
ANEKO,295
GOD BONDO LOWER KANYARWANDA,201
CENTRAL KANYARWANDA,152
LOWER KANYARWANDA,203
WEST KANYARWANDA,292
SOUTH KADEM,304
EAST KANYARWANDA,338
ONGOCHE,274
WEST KADEM,379
WINAM,379
KALER,205
EAST KADEM,156
BANDE,156
KALER,230
KIASA,213
OLASI,257
NYANDAGO CENTRAL,211
NYANDAGO,211
KARUNGU,291
CENTRAL KARUNGU,269
BONGU,889
OTATI,154
RAGA,188
CENTRAL OKAYO,183
OKAYO,194
UNGOE,166
EAST KARUNGU,195
ALENDO,174
MISIWI,221
KARUNGU WEST,233
GUNGA,233
SORI,822
SORI,822
SOUTH EAST KARUNGU,271
ADUGO,261
NGIRA,292
MUHURU,610
CENTRAL MUHURU,"1,461"
KIKONG'O,"1,553"
NYABOMO,"1,257"
SUMBA,"1,714"
EAST MUHURU,344
TAGACHE,447
WINJO,224
SOUTH EAST MUHURU,198
IBENCHO,124
NYAKONDO,294
WEST MUHURU,"1,044"
KITHII,"1,005"
MIGINGO,"1,407"
NYANCHA,926
NYATIKE,205
BALA CENTRAL,207
BALA,207
UPPER BALA,206
CENTRAL KADEM,173
AGENG'A,103
EAST KANYUOR,135
KARAPOLO,235
GOT ORANGO CENTRAL,205
GOT ORANGO,183
OWICH,229
LOWER CENTRAL KADEM,182
KAKELO KAKOTH,194
LOWER KARAPOLO,255
WEST KANYUOR,135
MAGUNGU CENTRAL,212
DIRUMA,272
MAGUNGU,173
MIKEI,469
KALANGI,551
MIKEI CENTRAL,380
NORTH EAST KADEM,161
KIWIRO,169
OKENGE,172
ORANGO,139
THIM LICH,166
NORTH KADEM,183
LOWER MAGUNGU,101
LWANDA TOWNSHIP,554
SOUTH EAST KADEM,175
NYATIKE,175
RONGO,584
CHIMGIWADU,453
SOUTH KAMAGAMBO,474
KAMRERI,435
NORTH KANYAJUOK,529
SOUTH KANYAJUOK,402
SOUTH WEST KAMAGAMBO,377
KANYAWANGA,445
KANYIMACH,324
WEST KAMAGAMBO,517
EAST KANYAMAMBA,586
KANGESO,377
WEST KANYAMAMBA,627
RONGO,694
CENTRAL KAMAGAMBO,"1,313"
KABUORO,"1,082"
KANYINGOMBE,"1,087"
KODEROBARA,684
RONGO TOWNSHIP,"4,265"
KAMKUYU,"1,172"
EAST KAMAGAMBO,497
KAGORO,579
KANYADIETO,616
KONG'UDI,264
NORTH EAST KAMAGAMBO,411
KAMBIJA,367
KOLUOCH,326
KONGOMA,564
NORTH KAMAGAMBO,538
KAMEJI,594
NORTH KAMWANGO,495
SOUTH KAMWANGO,553
SUNA EAST,598
SUBA CENTRAL,611
SUNA CENTRAL,"2,578"
WASWETA I,"2,578"
SUNA EAST,512
OSINGO NORTH,515
OSINGO SOUTH,507
SUNA NGEGE,538
MAPERA,489
NGEGE,582
SUNA NORTH,570
LOWER KAKRAO,554
UPPER KAKRAO,593
SUNA NYABISAWA,435
KIRENGO,376
NYAMANGA,510
SUNA OTACHO,327
ANJEGO,394
NYARONGI,241
SUBA EAST,568
GOD JOPE,571
MANYATTA,568
WASIO,575
KWA,552
KWA,552
SUNA RABUOR,614
ONGUO,614
SUNA SAGEGI,432
REMO,366
SAGEGI A,542
UPPERSUNA,897
GOD NGOCHE,702
OGWEDHI,"1,124"
SUNA WEST,448
MUBACHI,241
SUNA WASIMBETE,241
KITABAYE,255
LOWER MUBACHI,321
MUBACHI,204
NYAMARAGA,216
SUBA RAGANA,"1,476"
SUNA RAGANA,"1,476"
LOWER MARINDI,"2,447"
ORUBA,"2,931"
UPPER MARINDI,355
SUBA WEST,352
SUNA LOWER,409
MASARA,613
MUKURO,330
NYASOKO,318
SUNA RAHA,256
GOD KWER,269
WIGA,242
SUNA SOUTH,454
SAGERO,607
WASWETA II,396
SUNA WEST,272
GIRIBE,244
KOPANGA,301
SUBA WIGA,328
SUNA MUKURO,328
MARABIKO,328
URIRI,361
OYANI,456
CENTRAL KANYAMKAGO,430
KAWERE II B,430
EAST KANYAMKAGO,437
ARAMBE,521
THIM JOPE,379
BENGA,381
SOUTH KANYAMKAGO,470
BWARE,420
KAMSAKI,553
SOUTH EAST KANYAMKAGO,475
GOT URIRI,513
LWALA,473
ORUBA,362
URIRI,318
CENTRAL KANYAMKAGO,372
CENTRAL KAWERE RATENG',417
EAST KAWERE RATENG',532
NYAOBE,332
WEST KAWERE RATENG',223
KAMGUNDHO,399
KAMGUNDHOI,297
KAMGUNDHO II,522
NYAMASARE,362
NORTH KANYAMKAGO,281
KATIENO I,321
KATIENO II,83
KOMENYA MASOGE,213
RAPOGI TOWN,900
WEST KANYAMKAGO,266
KAJULU I,395
KAJULU I B,363
KAJULU II,183
WEST KANYAMKAGO,378
LOWER WEST KANYAMKAGO,338
KAJULU II B,338
WEST KANYAMKAGO,353
CENTRAL KAJULU,353
UPPER WEST KANYAMKAGO,485
NYAMAGE,485
RAPOGI,242
KOMENYA,189
KOMENYA NORTH,189
NORTH KANYAMKAGO,258
WEST KATIENO II,258
KISII,957
ETAGO,773
ETAGO,864
CHITAGO,759
AMAKARA,683
BOIGE,"1,066"
KABIERO,776
BOTABORI,773
KIAGWARE,779
S.M BORABU,"1,073"
MONIANKU,"1,520"
NYAMONDO,929
MOTICHO,704
GETENGA,759
BOSAGA,799
MUMA,713
NYARAMBA,801
NDONYO,623
RUORA,715
SARE,549
NYANSAKIA,640
EBURI,637
NYATARO,642
OTENDO,754
NYABERA,754
GUCHA,"1,020"
OGEMBO,"1,095"
BOOCHI CHACHE,"1,334"
BOOCHI,995
MANGERE,"1,912"
KANYIMBO,984
BUYONGE,829
KANYIMBO,"1,059"
KEBERE,"1,023"
KEBERE,"1,044"
MATONGO,"1,003"
MACHOGE CHACHE,875
GAKERO,770
MISESI,945
TENDERE,"1,300"
KERAGIA,"1,059"
NYANSAKIA,"1,671"
SENGERA,834
SENGERA,834
KINENI,688
NYAISERO,939
GUCHA SOUTH,878
NYAMARAMBE,784
GETONO,821
BOMONYAMA,758
NDURU,989
MARONGO,850
IKORO,814
NYAKORERE,913
NYAKEMBENE,693
BOIKANGA,721
EMESA,761
NYAGENKE,613
S. MUGIRANGO CENTRAL,790
BOGETENGA,774
NYANSORE,830
TABAKA,"1,057"
BOMONYARA,983
IRINGA,"1,139"
NYATIKE,895
BOSINANGE,"1,161"
BOMBURE,"1,409"
BONYAGWANDA,968
S. MUGIRANGO CHACHE,"1,012"
BOKIMAI,"1,072"
BOMWARE/BOTABORI,971
KENYENYA,930
IBENCHO,828
BOSOTI,824
BOSOTI,881
NYABIOTO,728
IBENCHO,831
MOGAMBI,859
ONSEKA,810
KENYENYA,849
BOKIMONGE,718
BOKIMONGE,698
KIRU,748
KENYENYA,"1,049"
KENYENYA,"1,326"
KERONGORORI,850
MAJOGE MASABA,773
NYABITUNWA,782
RIONKINOO,762
MAGENA,"1,072"
BOMBABA EAST,"1,393"
MAGENA,"1,545"
MOGONGA,"1,258"
BOOCHI BORABU,"1,010"
EMESA,959
NYAMESOCHO,"1,068"
MAJOGE BORABU,797
KIANGO,653
IGORERA,947
RITEMBU,"1,012"
ICHUNI,981
RITEMBU,"1,061"
MAGENCHE,928
MAGENCHE,923
IGWERA,885
MAGENCHE,848
NYAGENKE,"1,095"
MOKUBO,965
EBEREGE,"1,027"
MOKUBO,953
NYAMECHEO,887
KIABUGESI,695
NYAMECHEO,993
KISII CENTRAL,"1,229"
BOSONGO,"3,024"
BOBARACHO,"1,586"
BOBARACHO,"1,586"
BOSONGO,"4,011"
KISII TOWN,"4,011"
KEUMBU,826
BIRONGO,"1,090"
BIOMBE,"1,023"
BIRONGO,825
BOMWAGI,"1,496"
IBENO,676
CHIRICHIRO,803
KABOSI,567
KIEMENYINGA,904
KIRWA,739
NYAMECHEO,593
KERERA,762
GESERE,658
KERERA,692
NYAMAGWA,963
RIANGABI,820
KEUMBU,"1,001"
NYAMWARE,988
RIONDONGA,"1,011"
TARACHA,769
IRONDI,891
NYABIOSI,721
TARACHA,738
KIOGORO,"1,536"
BOSONGO,"2,468"
NYAMAGE,"3,009"
KIONGANYO,"2,990"
NYANCHWA/NYANSANCHA,"1,457"
KEGATI,"1,156"
KEGATI,"1,615"
NYAMEMISO,"1,256"
NYOSIA,858
KIOGORO,827
RIANYAMWAMU,906
NYAGUTA,780
MASONGO,"1,086"
MASONGO,"1,114"
OTAMBA,"1,048"
MATUNWA,944
BORONYI,"1,171"
MATUNWA,689
NYANKO,993
NYANGURU,"1,056"
RIABAMANYI,965
NYAURA,"4,699"
KIAMABUNDU,"6,916"
NYAURA,"3,546"
KISII SOUTH,"1,054"
GESONSO,"1,554"
BOGIAKUMU,"1,554"
BOGIAKUMU,"1,498"
BOMWANDA,"1,792"
BONYANDO,"1,360"
IGONGA,862
BOMARIBA,862
BOROKO,"1,253"
KEBOYE,673
BOMARIBA,867
SUNEKA,981
BOMORENDA,"1,565"
BOMAKOMBI,"1,528"
BOMWANCHA,"1,782"
BONYANCHAIRE,"1,574"
BONYAORO,"1,495"
IYABE,888
BOKEIRE,972
BOMOKORA,850
RIANA,732
NYAMWARI,744
BOGITAA,720
KITUTU CENTRAL,"1,537"
MOSOCHO,"1,537"
TOWNSHIP,"4,640"
MWAMOSIOMA,"4,109"
TOWNSHIP,"6,006"
BOGUSERO NORTH,897
MATIEKO,858
SANTA,976
BOGUSERO SOUTH,925
BIGEGE,"1,120"
RAGANGA,792
NYAKOE,"1,306"
BONYAGATANYI,"1,269"
IRANDA,"1,336"
NYATIEKO,"1,198"
MWAMANWA,"1,034"
MWAMOSIOMA,"1,381"
BOGEKA,"1,167"
GESONI,"1,335"
MOGUSI,"1,005"
NYANGURU,932
RIETEBA,"1,014"
NYAGISAI,846
MARANI,837
KEGOGI,975
KEGOGI,"1,046"
NGOKORO,"1,183"
NYAKOORA,889
METEMBE,915
METEMBE,901
OMOENGA,934
MARANI,847
KIONGANYO,864
ENGOTO GOTI,915
KIONGANYO,827
MWAGICHANA,744
KIOMOONCHA,761
RIKENYE,726
MWAGICHANA EAST,"1,076"
IGEMO,"1,392"
MBANDA,904
MWAKIBAGENDI,905
MEGOGO,917
ONYWERE,895
MWAKIBAGENDI WEST,837
BORABU,764
NYAMAGE,940
MWAMONARI,844
MASAKWE,731
NYAKEIRI,942
MWAMONARI NORTH,774
RIOMA,799
SIKONGE,740
SENSI,737
NYABWOROBA,750
SENSI,720
NGENYI,742
IKURUMA,680
GAMBA,549
IKURUMA,795
MEGOGO,856
KENYORO,747
MEGOGO,971
NGENYI,648
GESANGERO,658
NYANKANDA,634
MATONGO,814
MATONGO,805
MONYERERO,825
MASABA SOUTH,759
GESUSU,805
GESUSU,696
CHIBWOBI,455
GETACHO,882
OMOBERA,719
GETERI,823
GETERI,"1,009"
MESABISA,844
NYAMESOCHO,716
RAGANGA,920
IKENYE,869
GETARE,633
IKENYE,954
KIOMITI,"1,359"
IBACHO,810
ICHUNI,"1,137"
ICHUNI,"1,593"
GIENSEMBE,754
NYARIBARI IRIANYI,"1,104"
AMABUKO,"1,232"
BOGECHE,890
NYAMAGESA,611
GESABAKWA,792
NYANKONONI,508
NYARIBARI CENTRAL,744
EMEROKA,610
MOBAMBA,803
IBACHO,805
RIAMAKANDA,714
NYAKUMBATI,714
KIAMOKAMA,770
MASABO,682
CHIRONGE,734
MASABO,639
MOGONGA,669
MOCHENGO,784
MOGWEKO,595
NYANGONDA,"1,017"
GETARE,"1,033"
KEGOGI,"1,001"
MASIMBA,693
ENCHORO,656
GEKONGE,842
RIABIGUTU,575
SIRIROKWE,632
NORTH MASABA,777
ENGORWA,670
IBANCHORE,"1,072"
KEREMA,720
NYANGINDA,828
RIURI,635
NYARIBARI IKORONGO,716
BONGONTA,700
NYASIKE,824
SOSERA,698
RAMASHA,582
METEMBE,674
RIAMICHOKI,531
SUGUTA,528
NYAMASIBI,750
NYAMASIBI,750
EBACHWA,627
EKWARE,643
GOTINYANGO,900
MOREREMI,672
NYAMASIBI,868
NYANTURAGO,813
NYAMACHE,805
KIONDUSO,893
GESABAKWA,866
NYACHOGOCHOGO,671
NYANGUSU,"1,028"
GIONSARIA,842
NYANTIRA,860
RIONTWEKA,805
RIGENA,957
GETAI,947
RITUMBE,"1,126"
ROGONGO,849
NYABITE,789
BASSI MASIGE WEST,702
GIONSERI,577
MOSORA,600
NYABISIA,756
NYACHENGE,701
OMOSARIA,871
OROGARE,772
BASSI MASIGE EAST,899
KIOBEGI,832
MASISI/IGOMA,"1,087"
OMOKONGE,822
TURWA,839
NYACHEKI,756
BASSI BORABU,865
RIOSUGO,736
SUGUBO,"1,137"
MOCHENGO,704
EBIOSI,814
KEERA,649
NYACHEKI,720
BORANGI,686
ISENA,712
RIOMORO,754
NYAMACHE,784
BASSI-CENTRAL,784
EMENWA,763
KEGOCHI,728
MAJIMAZURI,723
NYOERA,"1,001"
SAMETA,847
ITIBO,905
ITIBO,839
ETORA,897
NYAGANCHA,757
ITUMBE,"1,055"
GIASAIGA,822
NYAKEGOGI,"1,472"
NYANGITI,885
GESURE,901
GETENGA,873
NYANSONGO,869
NYAGIKI,997
RIGO,818
KENYERERE,785
IGARE,763
RUSINGA,741
IGARE,784
MOKWERERO,801
KENYERERE,715
RISE,767
KIONGONGI,908
NYAMAGWA,777
NYAMAGWA,717
RIOBARA,833
NYAMIRA,675
BORABU,296
BORABU,346
ENBAGA,352
ISOGE,352
ENSAKIA,169
KINENI,169
MEKENENE,344
MATUTU,297
MOGUSII,412
MWONGORI,373
NYANSIONGO,419
KEGINGA,304
MENYENYA,690
NYANSIONGO/GESIMA,348
ESISE,314
EKERUBO,211
EKEBUSE,231
EKERUBO,193
ESISE,373
RAITIGO,198
MANGA,439
MECHEO,373
ENDEMU,430
MATUNWA,306
KIANG'ENI,142
KIANG'ENI,139
KERUMBE,119
NYANKONO,154
KITARU,146
ENDERI,117
KITARU,228
MANGA,845
KEMERA,"1,022"
GETARE,"1,586"
GETARE,"2,223"
KIABIRAA,734
KEMERA,937
IRIANYI,"1,069"
MOTEMBE,824
KIANGOSO,847
KIANGOSO,813
MOITOINYA,"1,099"
RIOMBATI,681
NYANGENA,750
NYANGENA,750
OMOGONCHORO,"1,022"
KIENDEGE,914
NYACHICHI,"1,186"
MAGOMBO,697
NORTH KITUTU,697
BOGWENDO,725
GEKANO,781
NYABIGEGE,589
NYAGUKU,818
NYAMBARIA,748
NYAMBOGO,622
NYAMWANGA,576
SIRATE,664
MANGA,790
CENTRAL KITUTU,771
NYAKONGO,771
NYAKONGO,742
OGANGO,742
SENGERA,781
MORAKO,846
MWABOSIRE,722
TOMBE,840
GATUTA,771
KIOGUTWA,899
MASABA NORTH,789
GACHUBA,791
RIGENA,802
BONYUNYU,744
RIGENA,849
GACHUBA,870
GIRANGO,919
KEBIRICHI,816
MIRIRI,699
GECHONA,608
KEGOGI,684
MIRIRI,761
GESIMA,632
ESANI,725
KEBUKO,665
NYATIENO,785
GESIMA,676
NYAKONGO,771
SUNGUTUTA,576
MOCHENWA,553
ENCHORO,649
NYABIOSI,414
NYAMAKOROTO,536
KARANTINI,524
NYAMAKOROTO,548
RIAMONI,729
RIAMONI,666
RIOOGA,814
RIGOMA,979
EAST KITUTU,758
EMBARO,830
RIKENYE,659
KEROKA TOWNSHIP,"1,683"
BOCHARIA,"1,292"
KEGOGI,"2,774"
NYASORE,"1,136"
NYANKOBA,813
MONG'ONI,743
NYANKOBA,865
WEST KITUTU,720
BITICHA,709
KENYERERE,728
NYAMIRA NORTH,775
EKERENYO,808
BOKISABA,991
BOKURATI (I),730
IKONGE,"1,587"
ITIBO,803
BOISANGA (II),715
BOKURATI (II),904
KENYORO,760
NYAGOKIANI,758
BONYAKONI,672
ITERESI,753
NYAMAURO,823
OBWARI,655
BOISANGA (I),655
KIABONYORU,895
BONYARORANDE,977
NSICHA,"1,089"
OMONONO,860
BOSARAGEI,904
AMATIERIO,686
MOKOMONI,866
NYARAMBA,"1,211"
KIABONYORU,802
GETARE,731
NYANGOGE,926
NYAMUSI,693
BOKEIRA,660
GEKONGE,552
MATONGO,682
NYAKENIMO,719
BOMWAGAMO,718
MAGERI,863
NYAGWEKOA,655
NYAMBIRIR,577
BORANGI,706
BONYENGWE I,785
BONYENGWE II,796
EGETONTO,686
MAGWAGWA,644
NYAMIRA SOUTH,876
NYAMAIYA,853
KEERA,855
CHARACHANI,846
NYAMERU,975
TIMI,807
WEST MUGIRANGO,852
BOKIAMBORI,733
BOMABACHO,764
BOMANYANYA,"1,058"
BONYAIGUBA,871
MIRUKA,954
NYAMIRA,890
BOGICHORA,832
BUNDO,909
IBUCHA,819
MONGORISI,797
BONYAMATUTA,999
KEBIRIGO,999
BONYAMATUTA CHACHE,"1,424"
SIAMANI,738
TOWNSHIP,"1,872"
BOSAMARO CHACHE,753
BIGEGE,811
IKOBE,688
BOSAMARO MASABA,713
ENCHORO,694
KEGOGI,744
BONYAMATUTA,473
NYABISIMBA,473
NAIROBI CITY,"6,247"
DAGORETTI,"14,908"
KAWANGWARE,"26,367"
GATINA,"42,778"
CONGO,"45,463"
GATINA,"40,373"
KAWANGWARE,"37,533"
KABIRO,"46,767"
KAWANGWARE,"33,605"
MUSLIM,"32,779"
NGANDO,"15,425"
GITHEMBE,"19,781"
NGANDO,"13,804"
RIRUTA,"22,215"
RIRUTA,"19,408"
SATELITE,"25,443"
WAITHAKA,"7,894"
KABIRIA,"9,874"
KABIRIA,"13,054"
MUTEGO,"5,646"
MUTUINI,"5,339"
GITIBA,"10,458"
MUTUINI,"2,742"
RUTHIMITU,"5,291"
KAGIRA,"2,344"
RUTHIMITU,"11,521"
UTHIRU,"7,613"
KIURU,"3,480"
UTHIRU,"10,568"
WAITHAKA,"13,152"
MUKARARA,"8,664"
WAITHAKA,"16,107"
EMBAKASI,"11,460"
EMBAKASI,"7,333"
EMBAKASI,"2,665"
EMBAKASI,"1,155"
TASSIA,"35,196"
UTAWALA,"5,073"
MUKURU KWA NJENGA,"87,538"
KWARE,"106,445"
MUKURU KWA NJENGA,"63,111"
IMARA DAIMA,"30,274"
IMARA DAIMA,"25,920"
KWA REUBEN,"35,002"
KAYOLE,"39,127"
KAYOLE,"73,023"
KAYOLE CENTRAL,"64,714"
KAYOLE SOUTH,"78,573"
KOMAROCK,"21,196"
KOMAROCK NORTH,"21,514"
KOMAROCK SOUTH,"21,003"
UMOJA,"33,290"
SAVANNAH,"25,931"
DONHOLM,"17,553"
SAVANNAH,"40,683"
UMOJA,"44,547"
UMOJA 2,"47,554"
UMOJA 1,"41,449"
KAMUKUNJI,"25,455"
EASTLEIGH,"24,234"
AIRBASE,"7,947"
AIRBASE,"4,907"
MAINA WANJIGI,"67,147"
EASTLEIGH NORTH,"51,151"
EASTLEIGH GARAGE,"36,805"
EASTLEIGH NORTH,"63,664"
EASTLEIGH SOUTH,"67,893"
CALIFORNIA,"55,735"
EASTLEIGH SECTION III,"79,212"
KIAMBIU,"90,805"
KIAMBIU,"75,830"
MADIWA,"115,550"
UHURU,"14,438"
BURUBURU,"13,630"
UHURU,"16,749"
PUMWANI,"34,767"
PUMWANI,"41,846"
MAJENGO,"51,692"
BONDENI/GOROFANI,"16,134"
SHAURIMOYO,"30,306"
SHAURIMOYO,"30,531"
MAZIWA,"30,097"
KASARANI,"9,063"
GITHURAI,"10,742"
GITHURAI,"26,990"
GITHURAI,"37,055"
KAMUTHI,"9,131"
KAHAWA WEST,"5,466"
KAHAWA WEST,"7,427"
KIWANJA,"3,880"
KONGO SOWETO,"5,182"
ZIMMERMAN,"26,359"
ZIMMERMAN,"26,359"
KARIOBANGI NORTH,"32,592"
BABA DOGO,"25,803"
BABA DOGO,"18,761"
LUCKY SUMMER,"30,373"
KARIOBANGI NORTH,"41,810"
KARIOBANGI NORTH,"35,110"
MARURA,"48,144"
KOROGOCHO,"42,401"
GITATHURU,"44,184"
KOROGOCHO,"35,118"
NYAYO,"47,744"
KASARANI,"6,751"
KASARANI,"10,269"
CLAY CITY,"18,046"
KASARANI,"6,250"
MWIKI,"3,795"
MUTIRITHIA,"24,131"
MWIKI,"2,176"
ROYSAMBU,"6,634"
ROYSAMBU,"3,025"
GARDEN ESTATE,"1,525"
NJATHAINI,"2,769"
ROYSAMBU,"4,758"
RUARAKA,"48,664"
MATHARE NORTH,"92,612"
RUARAKA,"22,034"
UTALII,"20,719"
MATHARE 4A,"89,096"
UTALII,"9,590"
KIBRA,"15,311"
KIBERA,"55,994"
KIBERA,"55,801"
KIBERA,"57,114"
LINDI,"69,894"
MAKINA,"36,269"
SARANGOMBE,"56,222"
GATWEKERA,"83,526"
OLYMPIC/KIANDA,"44,780"
LAINI SABA,"81,807"
LAINI SABA,"81,807"
LAINI SABA,"81,807"
WOODLEY,"3,751"
GOLF COURSE,"4,116"
GOLF COURSE,"4,116"
KENYATTA,"3,210"
KENYATTA,"3,210"
WOODLEY,"3,940"
JAMHURI,"4,544"
WOODLEY,"2,643"
LANG'ATA,911
KAREN,493
KAREN,342
KAREN,352
LENANA,327
LANG'ATA,682
HARDY,590
LANG'ATA,756
NAIROBI WEST,"1,116"
HIGHRISE,"48,896"
SILANGA,"55,341"
SOWETO HIGHRISE,"44,284"
MUGUMOINI,472
BOMAS,238
MUGUMOINI,"8,680"
NAIROBI WEST,"3,076"
NAIROBI WEST,"5,626"
SOUTH C,"1,998"
MAKADARA,"16,150"
BAHATI,"30,333"
BAHATI,"30,333"
BAHATI,"35,887"
KIMATHI,"17,334"
MAKADARA,"20,389"
MAKADARA,"15,551"
HAMZA,"18,775"
HARAMBEE,"13,423"
JERICHO/LUMUMBA,"17,089"
MAKONGENI,"24,278"
KALOLENI,"30,257"
MAKONGENI,"19,418"
MARINGO,"27,512"
MARINGO,"25,956"
MBOTELA,"30,466"
VIWANDANI,"8,554"
VIWANDANI,"8,554"
VIWANDANI,"8,554"
MATHARE,"68,940"
HURUMA,"81,771"
HURUMA,"81,771"
HURUMA,"107,805"
KIAMAIKO,"55,040"
MATHARE,"57,950"
MATHARE,"57,950"
MABATINI,"80,038"
MATHARE,"28,445"
MLANGO KUBWA,"98,610"
NJIRU,"4,821"
DANDORA,"32,731"
DANDORA B,"41,333"
DANDORA III & V,"32,859"
DANDORA IV,"59,119"
DANDORA I & II,"30,954"
DANDORA I,"41,421"
DANDORA II,"26,360"
KARIOBANGI SOUTH,"29,438"
KARIOBANGI SOUTH,"38,662"
MOWLEM,"25,641"
NJIRU,"10,952"
KAYOLE NORTH,"40,086"
KAYOLE NORTH,"40,086"
MIHANG'O,"5,478"
MIHANG'O,"5,478"
NJIRU,"12,121"
NJIRU,"5,483"
SAIKA,"19,980"
RUAI,"1,051"
KAMULU,"1,300"
KAMULU,"1,789"
NG'UNDU,"1,001"
RUAI,966
RUAI,966
STAREHE,"10,205"
CBD,"8,717"
KAMUKUNJI,"10,043"
KAMUKUNJI,"10,583"
MUTHURWA,"9,873"
NGARA,"11,860"
NGARA EAST,"15,553"
NGARA WEST,"8,117"
STAREHE,"4,638"
CITY CENTRE,"7,749"
CITY SQUARE,707
CENTRAL,"22,806"
KARIOKOR,"12,918"
RACECOURSE,"14,059"
ZIWANI,"11,739"
PANGANI,"38,009"
PANGANI,"38,009"
SOUTH B,"8,452"
LANDMAWE,"5,993"
LANDMAWE,"5,993"
MUKURU NYAYO,"10,992"
HAZINA,"7,155"
SOUTH B,"21,585"
WESTLANDS,"3,167"
HIGHRIDGE,"1,601"
HIGHRIDGE,"1,472"
HIGHRIDGE,"7,877"
KARURA,"1,035"
MUTHAIGA,536
PARKLANDS,2.666
SPRING VALLEY,"2,432"
UPPER PARKLAI IDS,"2,949"
KANGEMI,5957
KANGEMI,25324
GICHAGI,33401
KANGEMI CENTRAL,39526
MT VIEW,10752
KITISURU,1631
KITISURU,775
KYUNA,1980
LORESHO,2316
KILIMANI,3302
KILELESHWA,3570
KILELESHWA,4229
MUTHANGARI,2672
KILIMANI,3149
KILIMANI,3047
MAZIWA,3280
